doc_type,title,category,entity,unit,variant_rules_json,ref_base,has_responsible_key,has_author_key,has_operation_type
AccountingRegister_Хозрасчетный,AccountingRegister_Хозрасчетный,Обнаружено сканером,AccountingRegister_Хозрасчетный,документ,{},https://1cfresh.com/a/ea/2244652,false,false,false
AccountingRegister_Хозрасчетный_RecordType,AccountingRegister_Хозрасчетный_RecordType,Обнаружено сканером,AccountingRegister_Хозрасчетный_RecordType,документ,{},https://1cfresh.com/a/ea/2244652,false,false,false
AccumulationRegister_ВзаиморасчетыСДепонентами,ВзаиморасчетыСДепонентами,Обнаружено сканером,AccumulationRegister_ВзаиморасчетыСДепонентами,документ,{},https://1cfresh.com/a/ea/2244652,false,false,false
AccumulationRegister_ВзаиморасчетыСДепонентами_RecordType,ВзаиморасчетыСДепонентами_RecordType,Обнаружено сканером,AccumulationRegister_ВзаиморасчетыСДепонентами_RecordType,документ,{},https://1cfresh.com/a/ea/2244652,false,false,false
AccumulationRegister_ВозвратыТоваров,ВозвратыТоваров,Обнаружено сканером,AccumulationRegister_ВозвратыТоваров,документ,{},https://1cfresh.com/a/ea/2244652,false,false,false
AccumulationRegister_ВозвратыТоваров_RecordType,ВозвратыТоваров_RecordType,Обнаружено сканером,AccumulationRegister_ВозвратыТоваров_RecordType,документ,{},https://1cfresh.com/a/ea/2244652,false,false,false
AccumulationRegister_ВыпускПродукцииУслуг,ВыпускПродукцииУслуг,Обнаружено сканером,AccumulationRegister_ВыпускПродукцииУслуг,документ,{},https://1cfresh.com/a/ea/2244652,false,false,false
AccumulationRegister_ВыпускПродукцииУслуг_RecordType,ВыпускПродукцииУслуг_RecordType,Обнаружено сканером,AccumulationRegister_ВыпускПродукцииУслуг_RecordType,документ,{},https://1cfresh.com/a/ea/2244652,false,false,false
AccumulationRegister_ВыработкаМатериалов,ВыработкаМатериалов,Обнаружено сканером,AccumulationRegister_ВыработкаМатериалов,документ,{},https://1cfresh.com/a/ea/2244652,false,false,false
AccumulationRegister_ВыработкаМатериалов_RecordType,ВыработкаМатериалов_RecordType,Обнаружено сканером,AccumulationRegister_ВыработкаМатериалов_RecordType,документ,{},https://1cfresh.com/a/ea/2244652,false,false,false
AccumulationRegister_ВыработкаНМА,ВыработкаНМА,Обнаружено сканером,AccumulationRegister_ВыработкаНМА,документ,{},https://1cfresh.com/a/ea/2244652,false,false,false
AccumulationRegister_ВыработкаНМА_RecordType,ВыработкаНМА_RecordType,Обнаружено сканером,AccumulationRegister_ВыработкаНМА_RecordType,документ,{},https://1cfresh.com/a/ea/2244652,false,false,false
AccumulationRegister_ВыработкаОС,ВыработкаОС,Обнаружено сканером,AccumulationRegister_ВыработкаОС,документ,{},https://1cfresh.com/a/ea/2244652,false,false,false
AccumulationRegister_ВыработкаОС_RecordType,ВыработкаОС_RecordType,Обнаружено сканером,AccumulationRegister_ВыработкаОС_RecordType,документ,{},https://1cfresh.com/a/ea/2244652,false,false,false
AccumulationRegister_ДанныеДляРасчетаСреднегоЗаработкаПоНачислениям,ДанныеДляРасчетаСреднегоЗаработкаПоНачислениям,Обнаружено сканером,AccumulationRegister_ДанныеДляРасчетаСреднегоЗаработкаПоНачислениям,документ,{},https://1cfresh.com/a/ea/2244652,false,false,false
AccumulationRegister_ДанныеДляРасчетаСреднегоЗаработкаПоНачислениям_RecordType,ДанныеДляРасчетаСреднегоЗаработкаПоНачислениям_RecordType,Обнаружено сканером,AccumulationRegister_ДанныеДляРасчетаСреднегоЗаработкаПоНачислениям_RecordType,документ,{},https://1cfresh.com/a/ea/2244652,false,false,false
AccumulationRegister_ЗадолженностьСамозанятыхПоРеестру,ЗадолженностьСамозанятыхПоРеестру,Обнаружено сканером,AccumulationRegister_ЗадолженностьСамозанятыхПоРеестру,документ,{},https://1cfresh.com/a/ea/2244652,false,false,false
AccumulationRegister_ЗадолженностьСамозанятыхПоРеестру_RecordType,ЗадолженностьСамозанятыхПоРеестру_RecordType,Обнаружено сканером,AccumulationRegister_ЗадолженностьСамозанятыхПоРеестру_RecordType,документ,{},https://1cfresh.com/a/ea/2244652,false,false,false
AccumulationRegister_ЗакупленныеТоварыКомитентов,ЗакупленныеТоварыКомитентов,Обнаружено сканером,AccumulationRegister_ЗакупленныеТоварыКомитентов,документ,{},https://1cfresh.com/a/ea/2244652,false,false,false
AccumulationRegister_ЗакупленныеТоварыКомитентов_RecordType,ЗакупленныеТоварыКомитентов_RecordType,Обнаружено сканером,AccumulationRegister_ЗакупленныеТоварыКомитентов_RecordType,документ,{},https://1cfresh.com/a/ea/2244652,false,false,false
AccumulationRegister_НДСАвансыПоДоговорамКомиссии,НДСАвансыПоДоговорамКомиссии,Обнаружено сканером,AccumulationRegister_НДСАвансыПоДоговорамКомиссии,документ,{},https://1cfresh.com/a/ea/2244652,false,false,false
AccumulationRegister_НДСАвансыПоДоговорамКомиссии_RecordType,НДСАвансыПоДоговорамКомиссии_RecordType,Обнаружено сканером,AccumulationRegister_НДСАвансыПоДоговорамКомиссии_RecordType,документ,{},https://1cfresh.com/a/ea/2244652,false,false,false
AccumulationRegister_НДСВключенныйВСтоимость,НДСВключенныйВСтоимость,Обнаружено сканером,AccumulationRegister_НДСВключенныйВСтоимость,документ,{},https://1cfresh.com/a/ea/2244652,false,false,false
AccumulationRegister_НДСВключенныйВСтоимость_RecordType,НДСВключенныйВСтоимость_RecordType,Обнаружено сканером,AccumulationRegister_НДСВключенныйВСтоимость_RecordType,документ,{},https://1cfresh.com/a/ea/2244652,false,false,false
AccumulationRegister_НДСЗаписиКнигиПокупок,НДСЗаписиКнигиПокупок,Обнаружено сканером,AccumulationRegister_НДСЗаписиКнигиПокупок,документ,{},https://1cfresh.com/a/ea/2244652,false,false,false
AccumulationRegister_НДСЗаписиКнигиПокупок_RecordType,НДСЗаписиКнигиПокупок_RecordType,Обнаружено сканером,AccumulationRegister_НДСЗаписиКнигиПокупок_RecordType,документ,{},https://1cfresh.com/a/ea/2244652,false,false,false
AccumulationRegister_НДСЗаписиКнигиПродаж,НДСЗаписиКнигиПродаж,Обнаружено сканером,AccumulationRegister_НДСЗаписиКнигиПродаж,документ,{},https://1cfresh.com/a/ea/2244652,false,false,false
AccumulationRegister_НДСЗаписиКнигиПродаж_RecordType,НДСЗаписиКнигиПродаж_RecordType,Обнаружено сканером,AccumulationRegister_НДСЗаписиКнигиПродаж_RecordType,документ,{},https://1cfresh.com/a/ea/2244652,false,false,false
AccumulationRegister_НДСЗаписиРаздела7Декларации,НДСЗаписиРаздела7Декларации,Обнаружено сканером,AccumulationRegister_НДСЗаписиРаздела7Декларации,документ,{},https://1cfresh.com/a/ea/2244652,false,false,false
AccumulationRegister_НДСЗаписиРаздела7Декларации_RecordType,НДСЗаписиРаздела7Декларации_RecordType,Обнаружено сканером,AccumulationRegister_НДСЗаписиРаздела7Декларации_RecordType,документ,{},https://1cfresh.com/a/ea/2244652,false,false,false
AccumulationRegister_НДСКосвенныеРасходы,НДСКосвенныеРасходы,Обнаружено сканером,AccumulationRegister_НДСКосвенныеРасходы,документ,{},https://1cfresh.com/a/ea/2244652,false,false,false
AccumulationRegister_НДСКосвенныеРасходы_RecordType,НДСКосвенныеРасходы_RecordType,Обнаружено сканером,AccumulationRegister_НДСКосвенныеРасходы_RecordType,документ,{},https://1cfresh.com/a/ea/2244652,false,false,false
AccumulationRegister_НДСНачисленный,НДСНачисленный,Обнаружено сканером,AccumulationRegister_НДСНачисленный,документ,{},https://1cfresh.com/a/ea/2244652,false,false,false
AccumulationRegister_НДСНачисленный_RecordType,НДСНачисленный_RecordType,Обнаружено сканером,AccumulationRegister_НДСНачисленный_RecordType,документ,{},https://1cfresh.com/a/ea/2244652,false,false,false
AccumulationRegister_НДСНеоблагаемыеОперации,НДСНеоблагаемыеОперации,Обнаружено сканером,AccumulationRegister_НДСНеоблагаемыеОперации,документ,{},https://1cfresh.com/a/ea/2244652,false,false,false
AccumulationRegister_НДСНеоблагаемыеОперации_RecordType,НДСНеоблагаемыеОперации_RecordType,Обнаружено сканером,AccumulationRegister_НДСНеоблагаемыеОперации_RecordType,документ,{},https://1cfresh.com/a/ea/2244652,false,false,false
AccumulationRegister_НДСПоПриобретеннымЦенностям,НДСПоПриобретеннымЦенностям,Обнаружено сканером,AccumulationRegister_НДСПоПриобретеннымЦенностям,документ,{},https://1cfresh.com/a/ea/2244652,false,false,false
AccumulationRegister_НДСПоПриобретеннымЦенностям_RecordType,НДСПоПриобретеннымЦенностям_RecordType,Обнаружено сканером,AccumulationRegister_НДСПоПриобретеннымЦенностям_RecordType,документ,{},https://1cfresh.com/a/ea/2244652,false,false,false
AccumulationRegister_НДСПредъявленный,НДСПредъявленный,Обнаружено сканером,AccumulationRegister_НДСПредъявленный,документ,{},https://1cfresh.com/a/ea/2244652,false,false,false
AccumulationRegister_НДСПредъявленный_RecordType,НДСПредъявленный_RecordType,Обнаружено сканером,AccumulationRegister_НДСПредъявленный_RecordType,документ,{},https://1cfresh.com/a/ea/2244652,false,false,false
AccumulationRegister_НДСПредъявленныйРеализация0,НДСПредъявленныйРеализация0,Обнаружено сканером,AccumulationRegister_НДСПредъявленныйРеализация0,документ,{},https://1cfresh.com/a/ea/2244652,false,false,false
AccumulationRegister_НДСПредъявленныйРеализация0_RecordType,НДСПредъявленныйРеализация0_RecordType,Обнаружено сканером,AccumulationRegister_НДСПредъявленныйРеализация0_RecordType,документ,{},https://1cfresh.com/a/ea/2244652,false,false,false
AccumulationRegister_НДСРаздельныйУчет,НДСРаздельныйУчет,Обнаружено сканером,AccumulationRegister_НДСРаздельныйУчет,документ,{},https://1cfresh.com/a/ea/2244652,false,false,false
AccumulationRegister_НДСРаздельныйУчет_RecordType,НДСРаздельныйУчет_RecordType,Обнаружено сканером,AccumulationRegister_НДСРаздельныйУчет_RecordType,документ,{},https://1cfresh.com/a/ea/2244652,false,false,false
AccumulationRegister_НДСРеализация0,НДСРеализация0,Обнаружено сканером,AccumulationRegister_НДСРеализация0,документ,{},https://1cfresh.com/a/ea/2244652,false,false,false
AccumulationRegister_НДСРеализация0_RecordType,НДСРеализация0_RecordType,Обнаружено сканером,AccumulationRegister_НДСРеализация0_RecordType,документ,{},https://1cfresh.com/a/ea/2244652,false,false,false
AccumulationRegister_НДСсАвансов,НДСсАвансов,Обнаружено сканером,AccumulationRegister_НДСсАвансов,документ,{},https://1cfresh.com/a/ea/2244652,false,false,false
AccumulationRegister_НДСсАвансов_RecordType,НДСсАвансов_RecordType,Обнаружено сканером,AccumulationRegister_НДСсАвансов_RecordType,документ,{},https://1cfresh.com/a/ea/2244652,false,false,false
AccumulationRegister_НачисленияУдержанияПоСотрудникамАвансом,НачисленияУдержанияПоСотрудникамАвансом,Обнаружено сканером,AccumulationRegister_НачисленияУдержанияПоСотрудникамАвансом,документ,{},https://1cfresh.com/a/ea/2244652,false,false,false
AccumulationRegister_НачисленияУдержанияПоСотрудникамАвансом_RecordType,НачисленияУдержанияПоСотрудникамАвансом_RecordType,Обнаружено сканером,AccumulationRegister_НачисленияУдержанияПоСотрудникамАвансом_RecordType,документ,{},https://1cfresh.com/a/ea/2244652,false,false,false
AccumulationRegister_ОплатаСчетов,ОплатаСчетов,Обнаружено сканером,AccumulationRegister_ОплатаСчетов,документ,{},https://1cfresh.com/a/ea/2244652,false,false,false
AccumulationRegister_ОплатаСчетов_RecordType,ОплатаСчетов_RecordType,Обнаружено сканером,AccumulationRegister_ОплатаСчетов_RecordType,документ,{},https://1cfresh.com/a/ea/2244652,false,false,false
AccumulationRegister_ОтложенныеКурсовыеРазницы,ОтложенныеКурсовыеРазницы,Обнаружено сканером,AccumulationRegister_ОтложенныеКурсовыеРазницы,документ,{},https://1cfresh.com/a/ea/2244652,false,false,false
AccumulationRegister_ОтложенныеКурсовыеРазницы_RecordType,ОтложенныеКурсовыеРазницы_RecordType,Обнаружено сканером,AccumulationRegister_ОтложенныеКурсовыеРазницы_RecordType,документ,{},https://1cfresh.com/a/ea/2244652,false,false,false
AccumulationRegister_ОтработанноеВремяПоСотрудникам,ОтработанноеВремяПоСотрудникам,Обнаружено сканером,AccumulationRegister_ОтработанноеВремяПоСотрудникам,документ,{},https://1cfresh.com/a/ea/2244652,false,false,false
AccumulationRegister_ОтработанноеВремяПоСотрудникам_RecordType,ОтработанноеВремяПоСотрудникам_RecordType,Обнаружено сканером,AccumulationRegister_ОтработанноеВремяПоСотрудникам_RecordType,документ,{},https://1cfresh.com/a/ea/2244652,false,false,false
AccumulationRegister_ОценочныеОбязательства,ОценочныеОбязательства,Обнаружено сканером,AccumulationRegister_ОценочныеОбязательства,документ,{},https://1cfresh.com/a/ea/2244652,false,false,false
AccumulationRegister_ОценочныеОбязательства_RecordType,ОценочныеОбязательства_RecordType,Обнаружено сканером,AccumulationRegister_ОценочныеОбязательства_RecordType,документ,{},https://1cfresh.com/a/ea/2244652,false,false,false
AccumulationRegister_ОценочныеОбязательстваПоСотрудникам,ОценочныеОбязательстваПоСотрудникам,Обнаружено сканером,AccumulationRegister_ОценочныеОбязательстваПоСотрудникам,документ,{},https://1cfresh.com/a/ea/2244652,false,false,false
AccumulationRegister_ОценочныеОбязательстваПоСотрудникам_RecordType,ОценочныеОбязательстваПоСотрудникам_RecordType,Обнаружено сканером,AccumulationRegister_ОценочныеОбязательстваПоСотрудникам_RecordType,документ,{},https://1cfresh.com/a/ea/2244652,false,false,false
AccumulationRegister_ПрослеживаемыеОсновныеСредства,ПрослеживаемыеОсновныеСредства,Обнаружено сканером,AccumulationRegister_ПрослеживаемыеОсновныеСредства,документ,{},https://1cfresh.com/a/ea/2244652,false,false,false
AccumulationRegister_ПрослеживаемыеОсновныеСредства_RecordType,ПрослеживаемыеОсновныеСредства_RecordType,Обнаружено сканером,AccumulationRegister_ПрослеживаемыеОсновныеСредства_RecordType,документ,{},https://1cfresh.com/a/ea/2244652,false,false,false
AccumulationRegister_ПрослеживаемыеТовары,ПрослеживаемыеТовары,Обнаружено сканером,AccumulationRegister_ПрослеживаемыеТовары,документ,{},https://1cfresh.com/a/ea/2244652,false,false,false
AccumulationRegister_ПрослеживаемыеТовары_RecordType,ПрослеживаемыеТовары_RecordType,Обнаружено сканером,AccumulationRegister_ПрослеживаемыеТовары_RecordType,документ,{},https://1cfresh.com/a/ea/2244652,false,false,false
AccumulationRegister_ПрослеживаемыеТоварыОтгруженныеВЕАЭС,ПрослеживаемыеТоварыОтгруженныеВЕАЭС,Обнаружено сканером,AccumulationRegister_ПрослеживаемыеТоварыОтгруженныеВЕАЭС,документ,{},https://1cfresh.com/a/ea/2244652,false,false,false
AccumulationRegister_ПрослеживаемыеТоварыОтгруженныеВЕАЭС_RecordType,ПрослеживаемыеТоварыОтгруженныеВЕАЭС_RecordType,Обнаружено сканером,AccumulationRegister_ПрослеживаемыеТоварыОтгруженныеВЕАЭС_RecordType,документ,{},https://1cfresh.com/a/ea/2244652,false,false,false
AccumulationRegister_РазметкаАУСН,РазметкаАУСН,Обнаружено сканером,AccumulationRegister_РазметкаАУСН,документ,{},https://1cfresh.com/a/ea/2244652,false,false,false
AccumulationRegister_РазметкаАУСН_RecordType,РазметкаАУСН_RecordType,Обнаружено сканером,AccumulationRegister_РазметкаАУСН_RecordType,документ,{},https://1cfresh.com/a/ea/2244652,false,false,false
AccumulationRegister_РасходыАУСН,РасходыАУСН,Обнаружено сканером,AccumulationRegister_РасходыАУСН,документ,{},https://1cfresh.com/a/ea/2244652,false,false,false
AccumulationRegister_РасходыАУСН_RecordType,РасходыАУСН_RecordType,Обнаружено сканером,AccumulationRegister_РасходыАУСН_RecordType,документ,{},https://1cfresh.com/a/ea/2244652,false,false,false
AccumulationRegister_РасходыНаОнлайнКассыУменьшающиеНалоги,РасходыНаОнлайнКассыУменьшающиеНалоги,Обнаружено сканером,AccumulationRegister_РасходыНаОнлайнКассыУменьшающиеНалоги,документ,{},https://1cfresh.com/a/ea/2244652,false,false,false
AccumulationRegister_РасходыНаОнлайнКассыУменьшающиеНалоги_RecordType,РасходыНаОнлайнКассыУменьшающиеНалоги_RecordType,Обнаружено сканером,AccumulationRegister_РасходыНаОнлайнКассыУменьшающиеНалоги_RecordType,документ,{},https://1cfresh.com/a/ea/2244652,false,false,false
AccumulationRegister_РасходыНаПлатон,РасходыНаПлатон,Обнаружено сканером,AccumulationRegister_РасходыНаПлатон,документ,{},https://1cfresh.com/a/ea/2244652,false,false,false
AccumulationRegister_РасходыНаПлатон_RecordType,РасходыНаПлатон_RecordType,Обнаружено сканером,AccumulationRegister_РасходыНаПлатон_RecordType,документ,{},https://1cfresh.com/a/ea/2244652,false,false,false
AccumulationRegister_РасходыУменьшающиеНалогПоОтдельнымРежимам,РасходыУменьшающиеНалогПоОтдельнымРежимам,Обнаружено сканером,AccumulationRegister_РасходыУменьшающиеНалогПоОтдельнымРежимам,документ,{},https://1cfresh.com/a/ea/2244652,false,false,false
AccumulationRegister_РасходыУменьшающиеНалогПоОтдельнымРежимам_RecordType,РасходыУменьшающиеНалогПоОтдельнымРежимам_RecordType,Обнаружено сканером,AccumulationRegister_РасходыУменьшающиеНалогПоОтдельнымРежимам_RecordType,документ,{},https://1cfresh.com/a/ea/2244652,false,false,false
AccumulationRegister_РасчетыНДФЛАУСН,РасчетыНДФЛАУСН,Обнаружено сканером,AccumulationRegister_РасчетыНДФЛАУСН,документ,{},https://1cfresh.com/a/ea/2244652,false,false,false
AccumulationRegister_РасчетыНДФЛАУСН_RecordType,РасчетыНДФЛАУСН_RecordType,Обнаружено сканером,AccumulationRegister_РасчетыНДФЛАУСН_RecordType,документ,{},https://1cfresh.com/a/ea/2244652,false,false,false
AccumulationRegister_РасчетыПоЕдиномуНалоговомуСчету,РасчетыПоЕдиномуНалоговомуСчету,Обнаружено сканером,AccumulationRegister_РасчетыПоЕдиномуНалоговомуСчету,документ,{},https://1cfresh.com/a/ea/2244652,false,false,false
AccumulationRegister_РасчетыПоЕдиномуНалоговомуСчету_RecordType,РасчетыПоЕдиномуНалоговомуСчету_RecordType,Обнаружено сканером,AccumulationRegister_РасчетыПоЕдиномуНалоговомуСчету_RecordType,документ,{},https://1cfresh.com/a/ea/2244652,false,false,false
AccumulationRegister_РасчетыПоНалогамНаЕдиномНалоговомСчете,РасчетыПоНалогамНаЕдиномНалоговомСчете,Обнаружено сканером,AccumulationRegister_РасчетыПоНалогамНаЕдиномНалоговомСчете,документ,{},https://1cfresh.com/a/ea/2244652,false,false,false
AccumulationRegister_РасчетыПоНалогамНаЕдиномНалоговомСчете_RecordType,РасчетыПоНалогамНаЕдиномНалоговомСчете_RecordType,Обнаружено сканером,AccumulationRegister_РасчетыПоНалогамНаЕдиномНалоговомСчете_RecordType,документ,{},https://1cfresh.com/a/ea/2244652,false,false,false
AccumulationRegister_РасчетыПоСанкциямНаЕдиномНалоговомСчете,РасчетыПоСанкциямНаЕдиномНалоговомСчете,Обнаружено сканером,AccumulationRegister_РасчетыПоСанкциямНаЕдиномНалоговомСчете,документ,{},https://1cfresh.com/a/ea/2244652,false,false,false
AccumulationRegister_РасчетыПоСанкциямНаЕдиномНалоговомСчете_RecordType,РасчетыПоСанкциямНаЕдиномНалоговомСчете_RecordType,Обнаружено сканером,AccumulationRegister_РасчетыПоСанкциямНаЕдиномНалоговомСчете_RecordType,документ,{},https://1cfresh.com/a/ea/2244652,false,false,false
AccumulationRegister_РеализацияУслуг,РеализацияУслуг,Обнаружено сканером,AccumulationRegister_РеализацияУслуг,документ,{},https://1cfresh.com/a/ea/2244652,false,false,false
AccumulationRegister_РеализацияУслуг_RecordType,РеализацияУслуг_RecordType,Обнаружено сканером,AccumulationRegister_РеализацияУслуг_RecordType,документ,{},https://1cfresh.com/a/ea/2244652,false,false,false
AccumulationRegister_РеализованныеТоварыКомитентов,РеализованныеТоварыКомитентов,Обнаружено сканером,AccumulationRegister_РеализованныеТоварыКомитентов,документ,{},https://1cfresh.com/a/ea/2244652,false,false,false
AccumulationRegister_РеализованныеТоварыКомитентов_RecordType,РеализованныеТоварыКомитентов_RecordType,Обнаружено сканером,AccumulationRegister_РеализованныеТоварыКомитентов_RecordType,документ,{},https://1cfresh.com/a/ea/2244652,false,false,false
AccumulationRegister_СрокиИспользованияГрупповыхОбъектовОС,СрокиИспользованияГрупповыхОбъектовОС,Обнаружено сканером,AccumulationRegister_СрокиИспользованияГрупповыхОбъектовОС,документ,{},https://1cfresh.com/a/ea/2244652,false,false,false
AccumulationRegister_СрокиИспользованияГрупповыхОбъектовОС_RecordType,СрокиИспользованияГрупповыхОбъектовОС_RecordType,Обнаружено сканером,AccumulationRegister_СрокиИспользованияГрупповыхОбъектовОС_RecordType,документ,{},https://1cfresh.com/a/ea/2244652,false,false,false
AccumulationRegister_СтраховыеВзносыПереданныеВПФР,СтраховыеВзносыПереданныеВПФР,Обнаружено сканером,AccumulationRegister_СтраховыеВзносыПереданныеВПФР,документ,{},https://1cfresh.com/a/ea/2244652,false,false,false
AccumulationRegister_СтраховыеВзносыПереданныеВПФР_RecordType,СтраховыеВзносыПереданныеВПФР_RecordType,Обнаружено сканером,AccumulationRegister_СтраховыеВзносыПереданныеВПФР_RecordType,документ,{},https://1cfresh.com/a/ea/2244652,false,false,false
AccumulationRegister_ТуристическийНалог,ТуристическийНалог,Обнаружено сканером,AccumulationRegister_ТуристическийНалог,документ,{},https://1cfresh.com/a/ea/2244652,false,false,false
AccumulationRegister_ТуристическийНалог_RecordType,ТуристическийНалог_RecordType,Обнаружено сканером,AccumulationRegister_ТуристическийНалог_RecordType,документ,{},https://1cfresh.com/a/ea/2244652,false,false,false
AccumulationRegister_УдалитьАвансовыеПлатежиИностранцевПоНДФЛ,УдалитьАвансовыеПлатежиИностранцевПоНДФЛ,Обнаружено сканером,AccumulationRegister_УдалитьАвансовыеПлатежиИностранцевПоНДФЛ,документ,{},https://1cfresh.com/a/ea/2244652,false,false,false
AccumulationRegister_УдалитьАвансовыеПлатежиИностранцевПоНДФЛ_RecordType,УдалитьАвансовыеПлатежиИностранцевПоНДФЛ_RecordType,Обнаружено сканером,AccumulationRegister_УдалитьАвансовыеПлатежиИностранцевПоНДФЛ_RecordType,документ,{},https://1cfresh.com/a/ea/2244652,false,false,false
AccumulationRegister_УдалитьВзаиморасчетыСДепонентамиОрганизаций,УдалитьВзаиморасчетыСДепонентамиОрганизаций,Обнаружено сканером,AccumulationRegister_УдалитьВзаиморасчетыСДепонентамиОрганизаций,документ,{},https://1cfresh.com/a/ea/2244652,false,false,false
AccumulationRegister_УдалитьВзаиморасчетыСДепонентамиОрганизаций_RecordType,УдалитьВзаиморасчетыСДепонентамиОрганизаций_RecordType,Обнаружено сканером,AccumulationRegister_УдалитьВзаиморасчетыСДепонентамиОрганизаций_RecordType,документ,{},https://1cfresh.com/a/ea/2244652,false,false,false
AccumulationRegister_УдалитьВзаиморасчетыСРаботникамиОрганизаций,УдалитьВзаиморасчетыСРаботникамиОрганизаций,Обнаружено сканером,AccumulationRegister_УдалитьВзаиморасчетыСРаботникамиОрганизаций,документ,{},https://1cfresh.com/a/ea/2244652,false,false,false
AccumulationRegister_УдалитьВзаиморасчетыСРаботникамиОрганизаций_RecordType,УдалитьВзаиморасчетыСРаботникамиОрганизаций_RecordType,Обнаружено сканером,AccumulationRegister_УдалитьВзаиморасчетыСРаботникамиОрганизаций_RecordType,документ,{},https://1cfresh.com/a/ea/2244652,false,false,false
AccumulationRegister_УдалитьЕСНИсчисленный,УдалитьЕСНИсчисленный,Обнаружено сканером,AccumulationRegister_УдалитьЕСНИсчисленный,документ,{},https://1cfresh.com/a/ea/2244652,false,false,false
AccumulationRegister_УдалитьЕСНИсчисленный_RecordType,УдалитьЕСНИсчисленный_RecordType,Обнаружено сканером,AccumulationRegister_УдалитьЕСНИсчисленный_RecordType,документ,{},https://1cfresh.com/a/ea/2244652,false,false,false
AccumulationRegister_УдалитьЕСНСведенияОДоходах,УдалитьЕСНСведенияОДоходах,Обнаружено сканером,AccumulationRegister_УдалитьЕСНСведенияОДоходах,документ,{},https://1cfresh.com/a/ea/2244652,false,false,false
AccumulationRegister_УдалитьЕСНСведенияОДоходах_RecordType,УдалитьЕСНСведенияОДоходах_RecordType,Обнаружено сканером,AccumulationRegister_УдалитьЕСНСведенияОДоходах_RecordType,документ,{},https://1cfresh.com/a/ea/2244652,false,false,false
AccumulationRegister_УдалитьНДФЛИмущественныеВычетыФизлиц,УдалитьНДФЛИмущественныеВычетыФизлиц,Обнаружено сканером,AccumulationRegister_УдалитьНДФЛИмущественныеВычетыФизлиц,документ,{},https://1cfresh.com/a/ea/2244652,false,false,false
AccumulationRegister_УдалитьНДФЛИмущественныеВычетыФизлиц_RecordType,УдалитьНДФЛИмущественныеВычетыФизлиц_RecordType,Обнаружено сканером,AccumulationRegister_УдалитьНДФЛИмущественныеВычетыФизлиц_RecordType,документ,{},https://1cfresh.com/a/ea/2244652,false,false,false
AccumulationRegister_УдалитьНДФЛКЗачету,УдалитьНДФЛКЗачету,Обнаружено сканером,AccumulationRegister_УдалитьНДФЛКЗачету,документ,{},https://1cfresh.com/a/ea/2244652,false,false,false
AccumulationRegister_УдалитьНДФЛКЗачету_RecordType,УдалитьНДФЛКЗачету_RecordType,Обнаружено сканером,AccumulationRegister_УдалитьНДФЛКЗачету_RecordType,документ,{},https://1cfresh.com/a/ea/2244652,false,false,false
AccumulationRegister_УдалитьНДФЛПредоставленныеСтандартныеВычетыФизЛиц,УдалитьНДФЛПредоставленныеСтандартныеВычетыФизЛиц,Обнаружено сканером,AccumulationRegister_УдалитьНДФЛПредоставленныеСтандартныеВычетыФизЛиц,документ,{},https://1cfresh.com/a/ea/2244652,false,false,false
AccumulationRegister_УдалитьНДФЛПредоставленныеСтандартныеВычетыФизЛиц_RecordType,УдалитьНДФЛПредоставленныеСтандартныеВычетыФизЛиц_RecordType,Обнаружено сканером,AccumulationRegister_УдалитьНДФЛПредоставленныеСтандартныеВычетыФизЛиц_RecordType,документ,{},https://1cfresh.com/a/ea/2244652,false,false,false
AccumulationRegister_УдалитьНДФЛРасчетыСБюджетом,УдалитьНДФЛРасчетыСБюджетом,Обнаружено сканером,AccumulationRegister_УдалитьНДФЛРасчетыСБюджетом,документ,{},https://1cfresh.com/a/ea/2244652,false,false,false
AccumulationRegister_УдалитьНДФЛРасчетыСБюджетом_RecordType,УдалитьНДФЛРасчетыСБюджетом_RecordType,Обнаружено сканером,AccumulationRegister_УдалитьНДФЛРасчетыСБюджетом_RecordType,документ,{},https://1cfresh.com/a/ea/2244652,false,false,false
AccumulationRegister_УдалитьНДФЛСведенияОДоходах,УдалитьНДФЛСведенияОДоходах,Обнаружено сканером,AccumulationRegister_УдалитьНДФЛСведенияОДоходах,документ,{},https://1cfresh.com/a/ea/2244652,false,false,false
AccumulationRegister_УдалитьНДФЛСведенияОДоходах_RecordType,УдалитьНДФЛСведенияОДоходах_RecordType,Обнаружено сканером,AccumulationRegister_УдалитьНДФЛСведенияОДоходах_RecordType,документ,{},https://1cfresh.com/a/ea/2244652,false,false,false
AccumulationRegister_УдалитьПособияПоУходуЗаРебенкомДоПолутораЛет,УдалитьПособияПоУходуЗаРебенкомДоПолутораЛет,Обнаружено сканером,AccumulationRegister_УдалитьПособияПоУходуЗаРебенкомДоПолутораЛет,документ,{},https://1cfresh.com/a/ea/2244652,false,false,false
AccumulationRegister_УдалитьПособияПоУходуЗаРебенкомДоПолутораЛет_RecordType,УдалитьПособияПоУходуЗаРебенкомДоПолутораЛет_RecordType,Обнаружено сканером,AccumulationRegister_УдалитьПособияПоУходуЗаРебенкомДоПолутораЛет_RecordType,документ,{},https://1cfresh.com/a/ea/2244652,false,false,false
AccumulationRegister_УдалитьПособияСоциальномуСтрахованию,УдалитьПособияСоциальномуСтрахованию,Обнаружено сканером,AccumulationRegister_УдалитьПособияСоциальномуСтрахованию,документ,{},https://1cfresh.com/a/ea/2244652,false,false,false
AccumulationRegister_УдалитьПособияСоциальномуСтрахованию_RecordType,УдалитьПособияСоциальномуСтрахованию_RecordType,Обнаружено сканером,AccumulationRegister_УдалитьПособияСоциальномуСтрахованию_RecordType,документ,{},https://1cfresh.com/a/ea/2244652,false,false,false
AccumulationRegister_УдалитьРасчетыПоСтраховымВзносам,УдалитьРасчетыПоСтраховымВзносам,Обнаружено сканером,AccumulationRegister_УдалитьРасчетыПоСтраховымВзносам,документ,{},https://1cfresh.com/a/ea/2244652,false,false,false
AccumulationRegister_УдалитьРасчетыПоСтраховымВзносам_RecordType,УдалитьРасчетыПоСтраховымВзносам_RecordType,Обнаружено сканером,AccumulationRegister_УдалитьРасчетыПоСтраховымВзносам_RecordType,документ,{},https://1cfresh.com/a/ea/2244652,false,false,false
AccumulationRegister_УдалитьСтраховыеВзносыСведенияОДоходах,УдалитьСтраховыеВзносыСведенияОДоходах,Обнаружено сканером,AccumulationRegister_УдалитьСтраховыеВзносыСведенияОДоходах,документ,{},https://1cfresh.com/a/ea/2244652,false,false,false
AccumulationRegister_УдалитьСтраховыеВзносыСведенияОДоходах_RecordType,УдалитьСтраховыеВзносыСведенияОДоходах_RecordType,Обнаружено сканером,AccumulationRegister_УдалитьСтраховыеВзносыСведенияОДоходах_RecordType,документ,{},https://1cfresh.com/a/ea/2244652,false,false,false
BusinessProcess_ЗаявкаСотрудникаИзменитьЛичныеДанные,BusinessProcess_ЗаявкаСотрудникаИзменитьЛичныеДанные,Обнаружено сканером,BusinessProcess_ЗаявкаСотрудникаИзменитьЛичныеДанные,документ,{},https://1cfresh.com/a/ea/2244652,false,false,false
BusinessProcess_ЗаявкаСотрудникаИзменитьЛичныеДанные_УдалитьФайлыЗаявки,BusinessProcess_ЗаявкаСотрудникаИзменитьЛичныеДанные_УдалитьФайлыЗаявки,Обнаружено сканером,BusinessProcess_ЗаявкаСотрудникаИзменитьЛичныеДанные_УдалитьФайлыЗаявки,документ,{},https://1cfresh.com/a/ea/2244652,false,false,false
BusinessProcess_ЗаявкаСотрудникаНалоговыйВычет,BusinessProcess_ЗаявкаСотрудникаНалоговыйВычет,Обнаружено сканером,BusinessProcess_ЗаявкаСотрудникаНалоговыйВычет,документ,{},https://1cfresh.com/a/ea/2244652,false,false,false
BusinessProcess_ЗаявкаСотрудникаНалоговыйВычет_Вычеты,BusinessProcess_ЗаявкаСотрудникаНалоговыйВычет_Вычеты,Обнаружено сканером,BusinessProcess_ЗаявкаСотрудникаНалоговыйВычет_Вычеты,документ,{},https://1cfresh.com/a/ea/2244652,false,false,false
BusinessProcess_ЗаявкаСотрудникаНалоговыйВычет_УдалитьФайлыЗаявки,BusinessProcess_ЗаявкаСотрудникаНалоговыйВычет_УдалитьФайлыЗаявки,Обнаружено сканером,BusinessProcess_ЗаявкаСотрудникаНалоговыйВычет_УдалитьФайлыЗаявки,документ,{},https://1cfresh.com/a/ea/2244652,false,false,false
BusinessProcess_ЗаявкаСотрудникаОтпуск,BusinessProcess_ЗаявкаСотрудникаОтпуск,Обнаружено сканером,BusinessProcess_ЗаявкаСотрудникаОтпуск,документ,{},https://1cfresh.com/a/ea/2244652,false,false,false
BusinessProcess_ЗаявкаСотрудникаОтпуск_Отпуска,BusinessProcess_ЗаявкаСотрудникаОтпуск_Отпуска,Обнаружено сканером,BusinessProcess_ЗаявкаСотрудникаОтпуск_Отпуска,документ,{},https://1cfresh.com/a/ea/2244652,false,false,false
BusinessProcess_ЗаявкаСотрудникаОтпуск_УдалитьФайлыЗаявки,BusinessProcess_ЗаявкаСотрудникаОтпуск_УдалитьФайлыЗаявки,Обнаружено сканером,BusinessProcess_ЗаявкаСотрудникаОтпуск_УдалитьФайлыЗаявки,документ,{},https://1cfresh.com/a/ea/2244652,false,false,false
BusinessProcess_ЗаявкаСотрудникаОтсутствиеПоБолезни,BusinessProcess_ЗаявкаСотрудникаОтсутствиеПоБолезни,Обнаружено сканером,BusinessProcess_ЗаявкаСотрудникаОтсутствиеПоБолезни,документ,{},https://1cfresh.com/a/ea/2244652,false,false,false
BusinessProcess_ЗаявкаСотрудникаОтсутствиеПоБолезни_УдалитьФайлыЗаявки,BusinessProcess_ЗаявкаСотрудникаОтсутствиеПоБолезни_УдалитьФайлыЗаявки,Обнаружено сканером,BusinessProcess_ЗаявкаСотрудникаОтсутствиеПоБолезни_УдалитьФайлыЗаявки,документ,{},https://1cfresh.com/a/ea/2244652,false,false,false
BusinessProcess_ЗаявкаСотрудникаСправка2НДФЛ,BusinessProcess_ЗаявкаСотрудникаСправка2НДФЛ,Обнаружено сканером,BusinessProcess_ЗаявкаСотрудникаСправка2НДФЛ,документ,{},https://1cfresh.com/a/ea/2244652,false,false,false
BusinessProcess_ЗаявкаСотрудникаСправка2НДФЛ_СправкиНДФЛ,BusinessProcess_ЗаявкаСотрудникаСправка2НДФЛ_СправкиНДФЛ,Обнаружено сканером,BusinessProcess_ЗаявкаСотрудникаСправка2НДФЛ_СправкиНДФЛ,документ,{},https://1cfresh.com/a/ea/2244652,false,false,false
BusinessProcess_ЗаявкаСотрудникаСправка2НДФЛ_УдалитьФайлыЗаявки,BusinessProcess_ЗаявкаСотрудникаСправка2НДФЛ_УдалитьФайлыЗаявки,Обнаружено сканером,BusinessProcess_ЗаявкаСотрудникаСправка2НДФЛ_УдалитьФайлыЗаявки,документ,{},https://1cfresh.com/a/ea/2244652,false,false,false
BusinessProcess_ИсполнениеЗаявкиСотрудника,BusinessProcess_ИсполнениеЗаявкиСотрудника,Обнаружено сканером,BusinessProcess_ИсполнениеЗаявкиСотрудника,документ,{},https://1cfresh.com/a/ea/2244652,false,false,false
BusinessProcess_ОбращениеСотрудника,BusinessProcess_ОбращениеСотрудника,Обнаружено сканером,BusinessProcess_ОбращениеСотрудника,документ,{},https://1cfresh.com/a/ea/2244652,false,false,false
BusinessProcess_ОбращениеСотрудника_РеквизитыДокумента,BusinessProcess_ОбращениеСотрудника_РеквизитыДокумента,Обнаружено сканером,BusinessProcess_ОбращениеСотрудника_РеквизитыДокумента,документ,{},https://1cfresh.com/a/ea/2244652,false,false,false
Catalog_Банки,Банки,Обнаружено сканером,Catalog_Банки,документ,{},https://1cfresh.com/a/ea/2244652,false,false,false
Catalog_БанковскиеСчета,БанковскиеСчета,Обнаружено сканером,Catalog_БанковскиеСчета,документ,{},https://1cfresh.com/a/ea/2244652,false,false,false
Catalog_Билеты,Билеты,Обнаружено сканером,Catalog_Билеты,документ,{},https://1cfresh.com/a/ea/2244652,false,false,false
Catalog_БланкиСтрогойОтчетности,БланкиСтрогойОтчетности,Обнаружено сканером,Catalog_БланкиСтрогойОтчетности,документ,{},https://1cfresh.com/a/ea/2244652,false,false,false
Catalog_Валюты,Валюты,Обнаружено сканером,Catalog_Валюты,документ,{},https://1cfresh.com/a/ea/2244652,false,false,false
Catalog_Валюты_Представления,Валюты_Представления,Обнаружено сканером,Catalog_Валюты_Представления,документ,{},https://1cfresh.com/a/ea/2244652,false,false,false
Catalog_ВерсииФайлов,ВерсииФайлов,Обнаружено сканером,Catalog_ВерсииФайлов,документ,{},https://1cfresh.com/a/ea/2244652,false,false,false
Catalog_ВерсииФайлов_УдалитьЭлектронныеПодписи,ВерсииФайлов_УдалитьЭлектронныеПодписи,Обнаружено сканером,Catalog_ВерсииФайлов_УдалитьЭлектронныеПодписи,документ,{},https://1cfresh.com/a/ea/2244652,false,false,false
Catalog_ВидыВзаиморасчетов,ВидыВзаиморасчетов,Обнаружено сканером,Catalog_ВидыВзаиморасчетов,документ,{},https://1cfresh.com/a/ea/2244652,false,false,false
Catalog_ВидыВычетовНДФЛ,ВидыВычетовНДФЛ,Обнаружено сканером,Catalog_ВидыВычетовНДФЛ,документ,{},https://1cfresh.com/a/ea/2244652,false,false,false
Catalog_ВидыДокументовФизическихЛиц,ВидыДокументовФизическихЛиц,Обнаружено сканером,Catalog_ВидыДокументовФизическихЛиц,документ,{},https://1cfresh.com/a/ea/2244652,false,false,false
Catalog_ВидыДокументовФизическихЛиц_ДополнительныеРеквизиты,ВидыДокументовФизическихЛиц_ДополнительныеРеквизиты,Обнаружено сканером,Catalog_ВидыДокументовФизическихЛиц_ДополнительныеРеквизиты,документ,{},https://1cfresh.com/a/ea/2244652,false,false,false
Catalog_ВидыКонтактнойИнформации,ВидыКонтактнойИнформации,Обнаружено сканером,Catalog_ВидыКонтактнойИнформации,документ,{},https://1cfresh.com/a/ea/2244652,false,false,false
Catalog_ВидыКонтактнойИнформации_Представления,ВидыКонтактнойИнформации_Представления,Обнаружено сканером,Catalog_ВидыКонтактнойИнформации_Представления,документ,{},https://1cfresh.com/a/ea/2244652,false,false,false
Catalog_ВидыНалоговИПлатежейВБюджет,ВидыНалоговИПлатежейВБюджет,Обнаружено сканером,Catalog_ВидыНалоговИПлатежейВБюджет,документ,{},https://1cfresh.com/a/ea/2244652,false,false,false
Catalog_ВидыНалоговыхОрганов,ВидыНалоговыхОрганов,Обнаружено сканером,Catalog_ВидыНалоговыхОрганов,документ,{},https://1cfresh.com/a/ea/2244652,false,false,false
Catalog_ВидыНоменклатуры,ВидыНоменклатуры,Обнаружено сканером,Catalog_ВидыНоменклатуры,документ,{},https://1cfresh.com/a/ea/2244652,false,false,false
Catalog_ВидыОплатОрганизаций,ВидыОплатОрганизаций,Обнаружено сканером,Catalog_ВидыОплатОрганизаций,документ,{},https://1cfresh.com/a/ea/2244652,false,false,false
Catalog_ВидыОплатОрганизаций_КомиссияБанка,ВидыОплатОрганизаций_КомиссияБанка,Обнаружено сканером,Catalog_ВидыОплатОрганизаций_КомиссияБанка,документ,{},https://1cfresh.com/a/ea/2244652,false,false,false
Catalog_ВидыОтправляемыхДокументов,ВидыОтправляемыхДокументов,Обнаружено сканером,Catalog_ВидыОтправляемыхДокументов,документ,{},https://1cfresh.com/a/ea/2244652,false,false,false
Catalog_ВидыРемонтовОС,ВидыРемонтовОС,Обнаружено сканером,Catalog_ВидыРемонтовОС,документ,{},https://1cfresh.com/a/ea/2244652,false,false,false
Catalog_ВходящийДокументСЭДОФССПрисоединенныеФайлы,ВходящийДокументСЭДОФССПрисоединенныеФайлы,Обнаружено сканером,Catalog_ВходящийДокументСЭДОФССПрисоединенныеФайлы,документ,{},https://1cfresh.com/a/ea/2244652,false,false,false
Catalog_ВходящийДокументСЭДОФССПрисоединенныеФайлы_УдалитьСертификатыШифрования,ВходящийДокументСЭДОФССПрисоединенныеФайлы_УдалитьСертификатыШифрования,Обнаружено сканером,Catalog_ВходящийДокументСЭДОФССПрисоединенныеФайлы_УдалитьСертификатыШифрования,документ,{},https://1cfresh.com/a/ea/2244652,false,false,false
Catalog_ВходящийДокументСЭДОФССПрисоединенныеФайлы_УдалитьЭлектронныеПодписи,ВходящийДокументСЭДОФССПрисоединенныеФайлы_УдалитьЭлектронныеПодписи,Обнаружено сканером,Catalog_ВходящийДокументСЭДОФССПрисоединенныеФайлы_УдалитьЭлектронныеПодписи,документ,{},https://1cfresh.com/a/ea/2244652,false,false,false
Catalog_ВыплатыСамозанятымПрисоединенныеФайлы,ВыплатыСамозанятымПрисоединенныеФайлы,Обнаружено сканером,Catalog_ВыплатыСамозанятымПрисоединенныеФайлы,документ,{},https://1cfresh.com/a/ea/2244652,false,false,false
Catalog_ВыплатыСамозанятымПрисоединенныеФайлы_УдалитьСертификатыШифрования,ВыплатыСамозанятымПрисоединенныеФайлы_УдалитьСертификатыШифрования,Обнаружено сканером,Catalog_ВыплатыСамозанятымПрисоединенныеФайлы_УдалитьСертификатыШифрования,документ,{},https://1cfresh.com/a/ea/2244652,false,false,false
Catalog_ВыплатыСамозанятымПрисоединенныеФайлы_УдалитьЭлектронныеПодписи,ВыплатыСамозанятымПрисоединенныеФайлы_УдалитьЭлектронныеПодписи,Обнаружено сканером,Catalog_ВыплатыСамозанятымПрисоединенныеФайлы_УдалитьЭлектронныеПодписи,документ,{},https://1cfresh.com/a/ea/2244652,false,false,false
Catalog_ГодовыеГрафикиАмортизацииОС,ГодовыеГрафикиАмортизацииОС,Обнаружено сканером,Catalog_ГодовыеГрафикиАмортизацииОС,документ,{},https://1cfresh.com/a/ea/2244652,false,false,false
Catalog_Гостиницы,Гостиницы,Обнаружено сканером,Catalog_Гостиницы,документ,{},https://1cfresh.com/a/ea/2244652,false,false,false
Catalog_Гостиницы_ИсторияСтавок,Гостиницы_ИсторияСтавок,Обнаружено сканером,Catalog_Гостиницы_ИсторияСтавок,документ,{},https://1cfresh.com/a/ea/2244652,false,false,false
Catalog_Гостиницы_КонтактнаяИнформация,Гостиницы_КонтактнаяИнформация,Обнаружено сканером,Catalog_Гостиницы_КонтактнаяИнформация,документ,{},https://1cfresh.com/a/ea/2244652,false,false,false
Catalog_ДенежныеДокументы,ДенежныеДокументы,Обнаружено сканером,Catalog_ДенежныеДокументы,документ,{},https://1cfresh.com/a/ea/2244652,false,false,false
Catalog_ДоверенностиНалогоплательщика,ДоверенностиНалогоплательщика,Обнаружено сканером,Catalog_ДоверенностиНалогоплательщика,документ,{},https://1cfresh.com/a/ea/2244652,false,false,false
Catalog_ДоверенностиНалогоплательщика_Адреса,ДоверенностиНалогоплательщика_Адреса,Обнаружено сканером,Catalog_ДоверенностиНалогоплательщика_Адреса,документ,{},https://1cfresh.com/a/ea/2244652,false,false,false
Catalog_ДоверенностиНалогоплательщика_ПолномочияПредставителя,ДоверенностиНалогоплательщика_ПолномочияПредставителя,Обнаружено сканером,Catalog_ДоверенностиНалогоплательщика_ПолномочияПредставителя,документ,{},https://1cfresh.com/a/ea/2244652,false,false,false
Catalog_ДоверенностиНалогоплательщика_УдЛичности,ДоверенностиНалогоплательщика_УдЛичности,Обнаружено сканером,Catalog_ДоверенностиНалогоплательщика_УдЛичности,документ,{},https://1cfresh.com/a/ea/2244652,false,false,false
Catalog_ДоверенностиНалогоплательщика_ФИО,ДоверенностиНалогоплательщика_ФИО,Обнаружено сканером,Catalog_ДоверенностиНалогоплательщика_ФИО,документ,{},https://1cfresh.com/a/ea/2244652,false,false,false
Catalog_ДоговорыКонтрагентов,ДоговорыКонтрагентов,Обнаружено сканером,Catalog_ДоговорыКонтрагентов,документ,{},https://1cfresh.com/a/ea/2244652,false,false,false
Catalog_ДоговорыКонтрагентов_ДополнительныеРеквизиты,ДоговорыКонтрагентов_ДополнительныеРеквизиты,Обнаружено сканером,Catalog_ДоговорыКонтрагентов_ДополнительныеРеквизиты,документ,{},https://1cfresh.com/a/ea/2244652,false,false,false
Catalog_ДоговорыКонтрагентов_ДополнительныеСоглашения,ДоговорыКонтрагентов_ДополнительныеСоглашения,Обнаружено сканером,Catalog_ДоговорыКонтрагентов_ДополнительныеСоглашения,документ,{},https://1cfresh.com/a/ea/2244652,false,false,false
Catalog_ДоговорыКонтрагентов_ИсторияПроцентныхСтавок,ДоговорыКонтрагентов_ИсторияПроцентныхСтавок,Обнаружено сканером,Catalog_ДоговорыКонтрагентов_ИсторияПроцентныхСтавок,документ,{},https://1cfresh.com/a/ea/2244652,false,false,false
Catalog_ДоговорыКонтрагентовПрисоединенныеФайлы,ДоговорыКонтрагентовПрисоединенныеФайлы,Обнаружено сканером,Catalog_ДоговорыКонтрагентовПрисоединенныеФайлы,документ,{},https://1cfresh.com/a/ea/2244652,false,false,false
Catalog_ДоговорыКонтрагентовПрисоединенныеФайлы_УдалитьСертификатыШифрования,ДоговорыКонтрагентовПрисоединенныеФайлы_УдалитьСертификатыШифрования,Обнаружено сканером,Catalog_ДоговорыКонтрагентовПрисоединенныеФайлы_УдалитьСертификатыШифрования,документ,{},https://1cfresh.com/a/ea/2244652,false,false,false
Catalog_ДоговорыКонтрагентовПрисоединенныеФайлы_УдалитьЭлектронныеПодписи,ДоговорыКонтрагентовПрисоединенныеФайлы_УдалитьЭлектронныеПодписи,Обнаружено сканером,Catalog_ДоговорыКонтрагентовПрисоединенныеФайлы_УдалитьЭлектронныеПодписи,документ,{},https://1cfresh.com/a/ea/2244652,false,false,false
Catalog_ДокументыРеализацииПолномочийНалоговыхОрганов,ДокументыРеализацииПолномочийНалоговыхОрганов,Обнаружено сканером,Catalog_ДокументыРеализацииПолномочийНалоговыхОрганов,документ,{},https://1cfresh.com/a/ea/2244652,false,false,false
Catalog_ДокументыРеализацииПолномочийНалоговыхОрганов_ОшибкиНСП,ДокументыРеализацииПолномочийНалоговыхОрганов_ОшибкиНСП,Обнаружено сканером,Catalog_ДокументыРеализацииПолномочийНалоговыхОрганов_ОшибкиНСП,документ,{},https://1cfresh.com/a/ea/2244652,false,false,false
Catalog_ДокументыРеализацииПолномочийНалоговыхОрганов_СписокРНПТ,ДокументыРеализацииПолномочийНалоговыхОрганов_СписокРНПТ,Обнаружено сканером,Catalog_ДокументыРеализацииПолномочийНалоговыхОрганов_СписокРНПТ,документ,{},https://1cfresh.com/a/ea/2244652,false,false,false
Catalog_Должности,Должности,Обнаружено сканером,Catalog_Должности,документ,{},https://1cfresh.com/a/ea/2244652,false,false,false
Catalog_Должности_ДополнительныеРеквизиты,Должности_ДополнительныеРеквизиты,Обнаружено сканером,Catalog_Должности_ДополнительныеРеквизиты,документ,{},https://1cfresh.com/a/ea/2244652,false,false,false
Catalog_ДополнительныеОтчетыИОбработки,ДополнительныеОтчетыИОбработки,Обнаружено сканером,Catalog_ДополнительныеОтчетыИОбработки,документ,{},https://1cfresh.com/a/ea/2244652,false,false,false
Catalog_ДополнительныеОтчетыИОбработки_ДополнительныеРеквизиты,ДополнительныеОтчетыИОбработки_ДополнительныеРеквизиты,Обнаружено сканером,Catalog_ДополнительныеОтчетыИОбработки_ДополнительныеРеквизиты,документ,{},https://1cfresh.com/a/ea/2244652,false,false,false
Catalog_ДополнительныеОтчетыИОбработки_Команды,ДополнительныеОтчетыИОбработки_Команды,Обнаружено сканером,Catalog_ДополнительныеОтчетыИОбработки_Команды,документ,{},https://1cfresh.com/a/ea/2244652,false,false,false
Catalog_ДополнительныеОтчетыИОбработки_Назначение,ДополнительныеОтчетыИОбработки_Назначение,Обнаружено сканером,Catalog_ДополнительныеОтчетыИОбработки_Назначение,документ,{},https://1cfresh.com/a/ea/2244652,false,false,false
Catalog_ДополнительныеОтчетыИОбработки_Разделы,ДополнительныеОтчетыИОбработки_Разделы,Обнаружено сканером,Catalog_ДополнительныеОтчетыИОбработки_Разделы,документ,{},https://1cfresh.com/a/ea/2244652,false,false,false
Catalog_ДополнительныеОтчетыИОбработки_Разрешения,ДополнительныеОтчетыИОбработки_Разрешения,Обнаружено сканером,Catalog_ДополнительныеОтчетыИОбработки_Разрешения,документ,{},https://1cfresh.com/a/ea/2244652,false,false,false
Catalog_ДополнительныеУсловия,ДополнительныеУсловия,Обнаружено сканером,Catalog_ДополнительныеУсловия,документ,{},https://1cfresh.com/a/ea/2244652,false,false,false
Catalog_ДоходыБудущихПериодов,ДоходыБудущихПериодов,Обнаружено сканером,Catalog_ДоходыБудущихПериодов,документ,{},https://1cfresh.com/a/ea/2244652,false,false,false
Catalog_ДрайверыОборудования,ДрайверыОборудования,Обнаружено сканером,Catalog_ДрайверыОборудования,документ,{},https://1cfresh.com/a/ea/2244652,false,false,false
Catalog_ЕдиныеНормыАмортизационныхОтчисленийОсновныхФондов,ЕдиныеНормыАмортизационныхОтчисленийОсновныхФондов,Обнаружено сканером,Catalog_ЕдиныеНормыАмортизационныхОтчисленийОсновныхФондов,документ,{},https://1cfresh.com/a/ea/2244652,false,false,false
Catalog_ЗаголовкиСчетовПокупателям,ЗаголовкиСчетовПокупателям,Обнаружено сканером,Catalog_ЗаголовкиСчетовПокупателям,документ,{},https://1cfresh.com/a/ea/2244652,false,false,false
Catalog_ЗаявлениеАбонентаСпецоператораСвязиПрисоединенныеФайлы,ЗаявлениеАбонентаСпецоператораСвязиПрисоединенныеФайлы,Обнаружено сканером,Catalog_ЗаявлениеАбонентаСпецоператораСвязиПрисоединенныеФайлы,документ,{},https://1cfresh.com/a/ea/2244652,false,false,false
Catalog_ЗаявлениеАбонентаСпецоператораСвязиПрисоединенныеФайлы_УдалитьСертификатыШифрования,ЗаявлениеАбонентаСпецоператораСвязиПрисоединенныеФайлы_УдалитьСертификатыШифрования,Обнаружено сканером,Catalog_ЗаявлениеАбонентаСпецоператораСвязиПрисоединенныеФайлы_УдалитьСертификатыШифрования,документ,{},https://1cfresh.com/a/ea/2244652,false,false,false
Catalog_ЗаявлениеАбонентаСпецоператораСвязиПрисоединенныеФайлы_УдалитьЭлектронныеПодписи,ЗаявлениеАбонентаСпецоператораСвязиПрисоединенныеФайлы_УдалитьЭлектронныеПодписи,Обнаружено сканером,Catalog_ЗаявлениеАбонентаСпецоператораСвязиПрисоединенныеФайлы_УдалитьЭлектронныеПодписи,документ,{},https://1cfresh.com/a/ea/2244652,false,false,false
Catalog_ЗаявлениеНаФормированиеСправкиОРасчетахПрисоединенныеФайлы,ЗаявлениеНаФормированиеСправкиОРасчетахПрисоединенныеФайлы,Обнаружено сканером,Catalog_ЗаявлениеНаФормированиеСправкиОРасчетахПрисоединенныеФайлы,документ,{},https://1cfresh.com/a/ea/2244652,false,false,false
Catalog_ЗаявлениеНаФормированиеСправкиОРасчетахПрисоединенныеФайлы_УдалитьСертификатыШифрования,ЗаявлениеНаФормированиеСправкиОРасчетахПрисоединенныеФайлы_УдалитьСертификатыШифрования,Обнаружено сканером,Catalog_ЗаявлениеНаФормированиеСправкиОРасчетахПрисоединенныеФайлы_УдалитьСертификатыШифрования,документ,{},https://1cfresh.com/a/ea/2244652,false,false,false
Catalog_ЗаявлениеНаФормированиеСправкиОРасчетахПрисоединенныеФайлы_УдалитьЭлектронныеПодписи,ЗаявлениеНаФормированиеСправкиОРасчетахПрисоединенныеФайлы_УдалитьЭлектронныеПодписи,Обнаружено сканером,Catalog_ЗаявлениеНаФормированиеСправкиОРасчетахПрисоединенныеФайлы_УдалитьЭлектронныеПодписи,документ,{},https://1cfresh.com/a/ea/2244652,false,false,false
Catalog_ЗаявлениеОНазначенииПенсии,ЗаявлениеОНазначенииПенсии,Обнаружено сканером,Catalog_ЗаявлениеОНазначенииПенсии,документ,{},https://1cfresh.com/a/ea/2244652,false,false,false
Catalog_ЗаявлениеОНазначенииПенсии_ВоеннаяСлужба,ЗаявлениеОНазначенииПенсии_ВоеннаяСлужба,Обнаружено сканером,Catalog_ЗаявлениеОНазначенииПенсии_ВоеннаяСлужба,документ,{},https://1cfresh.com/a/ea/2244652,false,false,false
Catalog_ЗаявлениеОНазначенииПенсии_Дети,ЗаявлениеОНазначенииПенсии_Дети,Обнаружено сканером,Catalog_ЗаявлениеОНазначенииПенсии_Дети,документ,{},https://1cfresh.com/a/ea/2244652,false,false,false
Catalog_ЗаявлениеОНазначенииПенсии_ИнвалидыПожилые,ЗаявлениеОНазначенииПенсии_ИнвалидыПожилые,Обнаружено сканером,Catalog_ЗаявлениеОНазначенииПенсии_ИнвалидыПожилые,документ,{},https://1cfresh.com/a/ea/2244652,false,false,false
Catalog_ЗаявлениеОНазначенииПенсии_ЭлектронныеДокументы,ЗаявлениеОНазначенииПенсии_ЭлектронныеДокументы,Обнаружено сканером,Catalog_ЗаявлениеОНазначенииПенсии_ЭлектронныеДокументы,документ,{},https://1cfresh.com/a/ea/2244652,false,false,false
Catalog_ЗаявлениеОНазначенииПенсииПрисоединенныеФайлы,ЗаявлениеОНазначенииПенсииПрисоединенныеФайлы,Обнаружено сканером,Catalog_ЗаявлениеОНазначенииПенсииПрисоединенныеФайлы,документ,{},https://1cfresh.com/a/ea/2244652,false,false,false
Catalog_ЗаявленияОбОтзывеМЧДФНС,ЗаявленияОбОтзывеМЧДФНС,Обнаружено сканером,Catalog_ЗаявленияОбОтзывеМЧДФНС,документ,{},https://1cfresh.com/a/ea/2244652,false,false,false
Catalog_ЗаявленияОбОтзывеМЧДФНС_Представители,ЗаявленияОбОтзывеМЧДФНС_Представители,Обнаружено сканером,Catalog_ЗаявленияОбОтзывеМЧДФНС_Представители,документ,{},https://1cfresh.com/a/ea/2244652,false,false,false
Catalog_ЗаявленияОбОтзывеМЧДФНС_УдостоверенияЛичности,ЗаявленияОбОтзывеМЧДФНС_УдостоверенияЛичности,Обнаружено сканером,Catalog_ЗаявленияОбОтзывеМЧДФНС_УдостоверенияЛичности,документ,{},https://1cfresh.com/a/ea/2244652,false,false,false
Catalog_ЗаявленияОбОтзывеМЧДФНС_ФИО,ЗаявленияОбОтзывеМЧДФНС_ФИО,Обнаружено сканером,Catalog_ЗаявленияОбОтзывеМЧДФНС_ФИО,документ,{},https://1cfresh.com/a/ea/2244652,false,false,false
Catalog_ИдентификаторыОбъектовМетаданных,ИдентификаторыОбъектовМетаданных,Обнаружено сканером,Catalog_ИдентификаторыОбъектовМетаданных,документ,{},https://1cfresh.com/a/ea/2244652,false,false,false
Catalog_ИдентификаторыОбъектовРасширений,ИдентификаторыОбъектовРасширений,Обнаружено сканером,Catalog_ИдентификаторыОбъектовРасширений,документ,{},https://1cfresh.com/a/ea/2244652,false,false,false
Catalog_КлассификаторВидовНоменклатурыЧекаККТ,КлассификаторВидовНоменклатурыЧекаККТ,Обнаружено сканером,Catalog_КлассификаторВидовНоменклатурыЧекаККТ,документ,{},https://1cfresh.com/a/ea/2244652,false,false,false
Catalog_КлассификаторВидовЭкономическойДеятельности,КлассификаторВидовЭкономическойДеятельности,Обнаружено сканером,Catalog_КлассификаторВидовЭкономическойДеятельности,документ,{},https://1cfresh.com/a/ea/2244652,false,false,false
Catalog_КлассификаторЕдиницИзмерения,КлассификаторЕдиницИзмерения,Обнаружено сканером,Catalog_КлассификаторЕдиницИзмерения,документ,{},https://1cfresh.com/a/ea/2244652,false,false,false
Catalog_КлассификаторОКВЭД2,КлассификаторОКВЭД2,Обнаружено сканером,Catalog_КлассификаторОКВЭД2,документ,{},https://1cfresh.com/a/ea/2244652,false,false,false
Catalog_КлассификаторОКПД2,КлассификаторОКПД2,Обнаружено сканером,Catalog_КлассификаторОКПД2,документ,{},https://1cfresh.com/a/ea/2244652,false,false,false
Catalog_КлассификаторТНВЭД,КлассификаторТНВЭД,Обнаружено сканером,Catalog_КлассификаторТНВЭД,документ,{},https://1cfresh.com/a/ea/2244652,false,false,false
Catalog_КлючиАналитикиУчетаЗатрат,КлючиАналитикиУчетаЗатрат,Обнаружено сканером,Catalog_КлючиАналитикиУчетаЗатрат,документ,{},https://1cfresh.com/a/ea/2244652,false,false,false
Catalog_КлючиАналитикиУчетаНДС,КлючиАналитикиУчетаНДС,Обнаружено сканером,Catalog_КлючиАналитикиУчетаНДС,документ,{},https://1cfresh.com/a/ea/2244652,false,false,false
Catalog_КодыОперацийПрослеживаемости,КодыОперацийПрослеживаемости,Обнаружено сканером,Catalog_КодыОперацийПрослеживаемости,документ,{},https://1cfresh.com/a/ea/2244652,false,false,false
Catalog_КодыОперацийРаздела7ДекларацииПоНДС,КодыОперацийРаздела7ДекларацииПоНДС,Обнаружено сканером,Catalog_КодыОперацийРаздела7ДекларацииПоНДС,документ,{},https://1cfresh.com/a/ea/2244652,false,false,false
Catalog_КомплектыОтчетностиПерсУчета,КомплектыОтчетностиПерсУчета,Обнаружено сканером,Catalog_КомплектыОтчетностиПерсУчета,документ,{},https://1cfresh.com/a/ea/2244652,false,false,false
Catalog_КомплектыОтчетностиПерсУчета_КорректируемыеПериоды,КомплектыОтчетностиПерсУчета_КорректируемыеПериоды,Обнаружено сканером,Catalog_КомплектыОтчетностиПерсУчета_КорректируемыеПериоды,документ,{},https://1cfresh.com/a/ea/2244652,false,false,false
Catalog_КомплектыОтчетностиПерсУчета_СписокПачекСЗВ,КомплектыОтчетностиПерсУчета_СписокПачекСЗВ,Обнаружено сканером,Catalog_КомплектыОтчетностиПерсУчета_СписокПачекСЗВ,документ,{},https://1cfresh.com/a/ea/2244652,false,false,false
Catalog_КомплектыОтчетностиПерсУчета_СписокПачекСЗВ6_3,КомплектыОтчетностиПерсУчета_СписокПачекСЗВ6_3,Обнаружено сканером,Catalog_КомплектыОтчетностиПерсУчета_СписокПачекСЗВ6_3,документ,{},https://1cfresh.com/a/ea/2244652,false,false,false
Catalog_КонтактныеЛица,КонтактныеЛица,Обнаружено сканером,Catalog_КонтактныеЛица,документ,{},https://1cfresh.com/a/ea/2244652,false,false,false
Catalog_КонтактныеЛица_ДополнительныеРеквизиты,КонтактныеЛица_ДополнительныеРеквизиты,Обнаружено сканером,Catalog_КонтактныеЛица_ДополнительныеРеквизиты,документ,{},https://1cfresh.com/a/ea/2244652,false,false,false
Catalog_КонтактныеЛица_КонтактнаяИнформация,КонтактныеЛица_КонтактнаяИнформация,Обнаружено сканером,Catalog_КонтактныеЛица_КонтактнаяИнформация,документ,{},https://1cfresh.com/a/ea/2244652,false,false,false
Catalog_Контрагенты,Контрагенты,Обнаружено сканером,Catalog_Контрагенты,документ,{},https://1cfresh.com/a/ea/2244652,false,false,false
Catalog_Контрагенты_ДополнительныеРеквизиты,Контрагенты_ДополнительныеРеквизиты,Обнаружено сканером,Catalog_Контрагенты_ДополнительныеРеквизиты,документ,{},https://1cfresh.com/a/ea/2244652,false,false,false
Catalog_Контрагенты_ИсторияКПП,Контрагенты_ИсторияКПП,Обнаружено сканером,Catalog_Контрагенты_ИсторияКПП,документ,{},https://1cfresh.com/a/ea/2244652,false,false,false
Catalog_Контрагенты_ИсторияКонтактнойИнформации,Контрагенты_ИсторияКонтактнойИнформации,Обнаружено сканером,Catalog_Контрагенты_ИсторияКонтактнойИнформации,документ,{},https://1cfresh.com/a/ea/2244652,false,false,false
Catalog_Контрагенты_ИсторияНаименований,Контрагенты_ИсторияНаименований,Обнаружено сканером,Catalog_Контрагенты_ИсторияНаименований,документ,{},https://1cfresh.com/a/ea/2244652,false,false,false
Catalog_Контрагенты_КонтактнаяИнформация,Контрагенты_КонтактнаяИнформация,Обнаружено сканером,Catalog_Контрагенты_КонтактнаяИнформация,документ,{},https://1cfresh.com/a/ea/2244652,false,false,false
Catalog_МакетыПенсионныхДел,МакетыПенсионныхДел,Обнаружено сканером,Catalog_МакетыПенсионныхДел,документ,{},https://1cfresh.com/a/ea/2244652,false,false,false
Catalog_МакетыПенсионныхДел_ЭлектронныеДокументы,МакетыПенсионныхДел_ЭлектронныеДокументы,Обнаружено сканером,Catalog_МакетыПенсионныхДел_ЭлектронныеДокументы,документ,{},https://1cfresh.com/a/ea/2244652,false,false,false
Catalog_МакетыПенсионныхДелПрисоединенныеФайлы,МакетыПенсионныхДелПрисоединенныеФайлы,Обнаружено сканером,Catalog_МакетыПенсионныхДелПрисоединенныеФайлы,документ,{},https://1cfresh.com/a/ea/2244652,false,false,false
Catalog_МакетыПенсионныхДелПрисоединенныеФайлы_УдалитьСертификатыШифрования,МакетыПенсионныхДелПрисоединенныеФайлы_УдалитьСертификатыШифрования,Обнаружено сканером,Catalog_МакетыПенсионныхДелПрисоединенныеФайлы_УдалитьСертификатыШифрования,документ,{},https://1cfresh.com/a/ea/2244652,false,false,false
Catalog_МакетыПенсионныхДелПрисоединенныеФайлы_УдалитьЭлектронныеПодписи,МакетыПенсионныхДелПрисоединенныеФайлы_УдалитьЭлектронныеПодписи,Обнаружено сканером,Catalog_МакетыПенсионныхДелПрисоединенныеФайлы_УдалитьЭлектронныеПодписи,документ,{},https://1cfresh.com/a/ea/2244652,false,false,false
Catalog_МашиночитаемыеДоверенности,МашиночитаемыеДоверенности,Обнаружено сканером,Catalog_МашиночитаемыеДоверенности,документ,{},https://1cfresh.com/a/ea/2244652,false,false,false
Catalog_МашиночитаемыеДоверенности_Доверители,МашиночитаемыеДоверенности_Доверители,Обнаружено сканером,Catalog_МашиночитаемыеДоверенности_Доверители,документ,{},https://1cfresh.com/a/ea/2244652,false,false,false
Catalog_МашиночитаемыеДоверенности_НалоговыеОрганыДействия,МашиночитаемыеДоверенности_НалоговыеОрганыДействия,Обнаружено сканером,Catalog_МашиночитаемыеДоверенности_НалоговыеОрганыДействия,документ,{},https://1cfresh.com/a/ea/2244652,false,false,false
Catalog_МашиночитаемыеДоверенности_Ограничения,МашиночитаемыеДоверенности_Ограничения,Обнаружено сканером,Catalog_МашиночитаемыеДоверенности_Ограничения,документ,{},https://1cfresh.com/a/ea/2244652,false,false,false
Catalog_МашиночитаемыеДоверенности_Полномочия,МашиночитаемыеДоверенности_Полномочия,Обнаружено сканером,Catalog_МашиночитаемыеДоверенности_Полномочия,документ,{},https://1cfresh.com/a/ea/2244652,false,false,false
Catalog_МашиночитаемыеДоверенности_Представители,МашиночитаемыеДоверенности_Представители,Обнаружено сканером,Catalog_МашиночитаемыеДоверенности_Представители,документ,{},https://1cfresh.com/a/ea/2244652,false,false,false
Catalog_МашиночитаемыеДоверенностиПрисоединенныеФайлы,МашиночитаемыеДоверенностиПрисоединенныеФайлы,Обнаружено сканером,Catalog_МашиночитаемыеДоверенностиПрисоединенныеФайлы,документ,{},https://1cfresh.com/a/ea/2244652,false,false,false
Catalog_МашиночитаемыеДоверенностиРаспределенныйРеестр,МашиночитаемыеДоверенностиРаспределенныйРеестр,Обнаружено сканером,Catalog_МашиночитаемыеДоверенностиРаспределенныйРеестр,документ,{},https://1cfresh.com/a/ea/2244652,false,false,false
Catalog_МашиночитаемыеДоверенностиРаспределенныйРеестр_ЛицаБезДовФЛ,МашиночитаемыеДоверенностиРаспределенныйРеестр_ЛицаБезДовФЛ,Обнаружено сканером,Catalog_МашиночитаемыеДоверенностиРаспределенныйРеестр_ЛицаБезДовФЛ,документ,{},https://1cfresh.com/a/ea/2244652,false,false,false
Catalog_МашиночитаемыеДоверенностиРаспределенныйРеестр_НалоговыеОрганыДействия,МашиночитаемыеДоверенностиРаспределенныйРеестр_НалоговыеОрганыДействия,Обнаружено сканером,Catalog_МашиночитаемыеДоверенностиРаспределенныйРеестр_НалоговыеОрганыДействия,документ,{},https://1cfresh.com/a/ea/2244652,false,false,false
Catalog_МашиночитаемыеДоверенностиРаспределенныйРеестр_ПолномочияПредставителя,МашиночитаемыеДоверенностиРаспределенныйРеестр_ПолномочияПредставителя,Обнаружено сканером,Catalog_МашиночитаемыеДоверенностиРаспределенныйРеестр_ПолномочияПредставителя,документ,{},https://1cfresh.com/a/ea/2244652,false,false,false
Catalog_МашиночитаемыеДоверенностиРаспределенныйРеестр_Представители,МашиночитаемыеДоверенностиРаспределенныйРеестр_Представители,Обнаружено сканером,Catalog_МашиночитаемыеДоверенностиРаспределенныйРеестр_Представители,документ,{},https://1cfresh.com/a/ea/2244652,false,false,false
Catalog_МашиночитаемыеДоверенностиРаспределенныйРеестр_ПредставителиОтзыва,МашиночитаемыеДоверенностиРаспределенныйРеестр_ПредставителиОтзыва,Обнаружено сканером,Catalog_МашиночитаемыеДоверенностиРаспределенныйРеестр_ПредставителиОтзыва,документ,{},https://1cfresh.com/a/ea/2244652,false,false,false
Catalog_МашиночитаемыеДоверенностиРаспределенныйРеестр_РодительскиеДоверенности,МашиночитаемыеДоверенностиРаспределенныйРеестр_РодительскиеДоверенности,Обнаружено сканером,Catalog_МашиночитаемыеДоверенностиРаспределенныйРеестр_РодительскиеДоверенности,документ,{},https://1cfresh.com/a/ea/2244652,false,false,false
Catalog_МашиночитаемыеДоверенностиРаспределенныйРеестр_УдостоверенияЛичности,МашиночитаемыеДоверенностиРаспределенныйРеестр_УдостоверенияЛичности,Обнаружено сканером,Catalog_МашиночитаемыеДоверенностиРаспределенныйРеестр_УдостоверенияЛичности,документ,{},https://1cfresh.com/a/ea/2244652,false,false,false
Catalog_МашиночитаемыеДоверенностиРаспределенныйРеестр_ФИО,МашиночитаемыеДоверенностиРаспределенныйРеестр_ФИО,Обнаружено сканером,Catalog_МашиночитаемыеДоверенностиРаспределенныйРеестр_ФИО,документ,{},https://1cfresh.com/a/ea/2244652,false,false,false
Catalog_МашиночитаемыеДоверенностиФНС,МашиночитаемыеДоверенностиФНС,Обнаружено сканером,Catalog_МашиночитаемыеДоверенностиФНС,документ,{},https://1cfresh.com/a/ea/2244652,false,false,false
Catalog_МашиночитаемыеДоверенностиФНС_ЛицаБезДовФЛ,МашиночитаемыеДоверенностиФНС_ЛицаБезДовФЛ,Обнаружено сканером,Catalog_МашиночитаемыеДоверенностиФНС_ЛицаБезДовФЛ,документ,{},https://1cfresh.com/a/ea/2244652,false,false,false
Catalog_МашиночитаемыеДоверенностиФНС_НалоговыеОрганыДействия,МашиночитаемыеДоверенностиФНС_НалоговыеОрганыДействия,Обнаружено сканером,Catalog_МашиночитаемыеДоверенностиФНС_НалоговыеОрганыДействия,документ,{},https://1cfresh.com/a/ea/2244652,false,false,false
Catalog_МашиночитаемыеДоверенностиФНС_ПолномочияПредставителя,МашиночитаемыеДоверенностиФНС_ПолномочияПредставителя,Обнаружено сканером,Catalog_МашиночитаемыеДоверенностиФНС_ПолномочияПредставителя,документ,{},https://1cfresh.com/a/ea/2244652,false,false,false
Catalog_МашиночитаемыеДоверенностиФНС_Представители,МашиночитаемыеДоверенностиФНС_Представители,Обнаружено сканером,Catalog_МашиночитаемыеДоверенностиФНС_Представители,документ,{},https://1cfresh.com/a/ea/2244652,false,false,false
Catalog_МашиночитаемыеДоверенностиФНС_РодительскиеДоверенности,МашиночитаемыеДоверенностиФНС_РодительскиеДоверенности,Обнаружено сканером,Catalog_МашиночитаемыеДоверенностиФНС_РодительскиеДоверенности,документ,{},https://1cfresh.com/a/ea/2244652,false,false,false
Catalog_МашиночитаемыеДоверенностиФНС_УдостоверенияЛичности,МашиночитаемыеДоверенностиФНС_УдостоверенияЛичности,Обнаружено сканером,Catalog_МашиночитаемыеДоверенностиФНС_УдостоверенияЛичности,документ,{},https://1cfresh.com/a/ea/2244652,false,false,false
Catalog_МашиночитаемыеДоверенностиФНС_ФИО,МашиночитаемыеДоверенностиФНС_ФИО,Обнаружено сканером,Catalog_МашиночитаемыеДоверенностиФНС_ФИО,документ,{},https://1cfresh.com/a/ea/2244652,false,false,false
Catalog_МашиночитаемыеДоверенностиФСС,МашиночитаемыеДоверенностиФСС,Обнаружено сканером,Catalog_МашиночитаемыеДоверенностиФСС,документ,{},https://1cfresh.com/a/ea/2244652,false,false,false
Catalog_МашиночитаемыеДоверенностиФСС_ПолномочияПредставителя,МашиночитаемыеДоверенностиФСС_ПолномочияПредставителя,Обнаружено сканером,Catalog_МашиночитаемыеДоверенностиФСС_ПолномочияПредставителя,документ,{},https://1cfresh.com/a/ea/2244652,false,false,false
Catalog_МашиночитаемыеДоверенностиФСС_УдостоверенияЛичности,МашиночитаемыеДоверенностиФСС_УдостоверенияЛичности,Обнаружено сканером,Catalog_МашиночитаемыеДоверенностиФСС_УдостоверенияЛичности,документ,{},https://1cfresh.com/a/ea/2244652,false,false,false
Catalog_МашиночитаемыеДоверенностиФСС_ФИО,МашиночитаемыеДоверенностиФСС_ФИО,Обнаружено сканером,Catalog_МашиночитаемыеДоверенностиФСС_ФИО,документ,{},https://1cfresh.com/a/ea/2244652,false,false,false
Catalog_НазначенияИспользованияНМА,НазначенияИспользованияНМА,Обнаружено сканером,Catalog_НазначенияИспользованияНМА,документ,{},https://1cfresh.com/a/ea/2244652,false,false,false
Catalog_НазначенияИспользованияНоменклатуры,НазначенияИспользованияНоменклатуры,Обнаружено сканером,Catalog_НазначенияИспользованияНоменклатуры,документ,{},https://1cfresh.com/a/ea/2244652,false,false,false
Catalog_НалоговыеОрганы,НалоговыеОрганы,Обнаружено сканером,Catalog_НалоговыеОрганы,документ,{},https://1cfresh.com/a/ea/2244652,false,false,false
Catalog_НалоговыеОрганы_Сертификаты,НалоговыеОрганы_Сертификаты,Обнаружено сканером,Catalog_НалоговыеОрганы_Сертификаты,документ,{},https://1cfresh.com/a/ea/2244652,false,false,false
Catalog_НаправленияДеятельности,НаправленияДеятельности,Обнаружено сканером,Catalog_НаправленияДеятельности,документ,{},https://1cfresh.com/a/ea/2244652,false,false,false
Catalog_НаправленияИспользованияПрибыли,НаправленияИспользованияПрибыли,Обнаружено сканером,Catalog_НаправленияИспользованияПрибыли,документ,{},https://1cfresh.com/a/ea/2244652,false,false,false
Catalog_НематериальныеАктивы,НематериальныеАктивы,Обнаружено сканером,Catalog_НематериальныеАктивы,документ,{},https://1cfresh.com/a/ea/2244652,false,false,false
Catalog_НематериальныеАктивы_ДополнительныеРеквизиты,НематериальныеАктивы_ДополнительныеРеквизиты,Обнаружено сканером,Catalog_НематериальныеАктивы_ДополнительныеРеквизиты,документ,{},https://1cfresh.com/a/ea/2244652,false,false,false
Catalog_Номенклатура,Номенклатура,Обнаружено сканером,Catalog_Номенклатура,документ,{},https://1cfresh.com/a/ea/2244652,false,false,false
Catalog_Номенклатура_ДополнительныеРеквизиты,Номенклатура_ДополнительныеРеквизиты,Обнаружено сканером,Catalog_Номенклатура_ДополнительныеРеквизиты,документ,{},https://1cfresh.com/a/ea/2244652,false,false,false
Catalog_Номенклатура_ИсторияВидаСтавкиНДС,Номенклатура_ИсторияВидаСтавкиНДС,Обнаружено сканером,Catalog_Номенклатура_ИсторияВидаСтавкиНДС,документ,{},https://1cfresh.com/a/ea/2244652,false,false,false
Catalog_Номенклатура_ИсторияПрослеживаемогоТовара,Номенклатура_ИсторияПрослеживаемогоТовара,Обнаружено сканером,Catalog_Номенклатура_ИсторияПрослеживаемогоТовара,документ,{},https://1cfresh.com/a/ea/2244652,false,false,false
Catalog_НоменклатурныеГруппы,НоменклатурныеГруппы,Обнаружено сканером,Catalog_НоменклатурныеГруппы,документ,{},https://1cfresh.com/a/ea/2244652,false,false,false
Catalog_НоменклатурныеГруппы_ДополнительныеРеквизиты,НоменклатурныеГруппы_ДополнительныеРеквизиты,Обнаружено сканером,Catalog_НоменклатурныеГруппы_ДополнительныеРеквизиты,документ,{},https://1cfresh.com/a/ea/2244652,false,false,false
Catalog_НомераГТД,НомераГТД,Обнаружено сканером,Catalog_НомераГТД,документ,{},https://1cfresh.com/a/ea/2244652,false,false,false
Catalog_ОбращениеСФРКСтрахователюПрисоединенныеФайлы,ОбращениеСФРКСтрахователюПрисоединенныеФайлы,Обнаружено сканером,Catalog_ОбращениеСФРКСтрахователюПрисоединенныеФайлы,документ,{},https://1cfresh.com/a/ea/2244652,false,false,false
Catalog_ОбщероссийскийКлассификаторОсновныхФондов,ОбщероссийскийКлассификаторОсновныхФондов,Обнаружено сканером,Catalog_ОбщероссийскийКлассификаторОсновныхФондов,документ,{},https://1cfresh.com/a/ea/2244652,false,false,false
Catalog_ОбщероссийскийКлассификаторПродукции,ОбщероссийскийКлассификаторПродукции,Обнаружено сканером,Catalog_ОбщероссийскийКлассификаторПродукции,документ,{},https://1cfresh.com/a/ea/2244652,false,false,false
Catalog_ОбъектыВыполненияРабот,ОбъектыВыполненияРабот,Обнаружено сканером,Catalog_ОбъектыВыполненияРабот,документ,{},https://1cfresh.com/a/ea/2244652,false,false,false
Catalog_ОбъектыВыполненияРабот_ДополнительныеРеквизиты,ОбъектыВыполненияРабот_ДополнительныеРеквизиты,Обнаружено сканером,Catalog_ОбъектыВыполненияРабот_ДополнительныеРеквизиты,документ,{},https://1cfresh.com/a/ea/2244652,false,false,false
Catalog_ОбъектыВыполненияРабот_КонтактнаяИнформация,ОбъектыВыполненияРабот_КонтактнаяИнформация,Обнаружено сканером,Catalog_ОбъектыВыполненияРабот_КонтактнаяИнформация,документ,{},https://1cfresh.com/a/ea/2244652,false,false,false
Catalog_ОбъектыСтроительства,ОбъектыСтроительства,Обнаружено сканером,Catalog_ОбъектыСтроительства,документ,{},https://1cfresh.com/a/ea/2244652,false,false,false
Catalog_Операции0,Операции0,Обнаружено сканером,Catalog_Операции0,документ,{},https://1cfresh.com/a/ea/2244652,false,false,false
Catalog_ОписиВходящихДокументовИзНалоговыхОрганов,ОписиВходящихДокументовИзНалоговыхОрганов,Обнаружено сканером,Catalog_ОписиВходящихДокументовИзНалоговыхОрганов,документ,{},https://1cfresh.com/a/ea/2244652,false,false,false
Catalog_ОписиВходящихДокументовИзНалоговыхОрганов_ВходящиеДокументы,ОписиВходящихДокументовИзНалоговыхОрганов_ВходящиеДокументы,Обнаружено сканером,Catalog_ОписиВходящихДокументовИзНалоговыхОрганов_ВходящиеДокументы,документ,{},https://1cfresh.com/a/ea/2244652,false,false,false
Catalog_ОписиИсходящихДокументовВНалоговыеОрганы,ОписиИсходящихДокументовВНалоговыеОрганы,Обнаружено сканером,Catalog_ОписиИсходящихДокументовВНалоговыеОрганы,документ,{},https://1cfresh.com/a/ea/2244652,false,false,false
Catalog_ОписиИсходящихДокументовВНалоговыеОрганы_ПредставляемыеДокументы,ОписиИсходящихДокументовВНалоговыеОрганы_ПредставляемыеДокументы,Обнаружено сканером,Catalog_ОписиИсходящихДокументовВНалоговыеОрганы_ПредставляемыеДокументы,документ,{},https://1cfresh.com/a/ea/2244652,false,false,false
Catalog_Организации,Организации,Обнаружено сканером,Catalog_Организации,документ,{},https://1cfresh.com/a/ea/2244652,false,false,false
Catalog_Организации_ДополнительныеРеквизиты,Организации_ДополнительныеРеквизиты,Обнаружено сканером,Catalog_Организации_ДополнительныеРеквизиты,документ,{},https://1cfresh.com/a/ea/2244652,false,false,false
Catalog_Организации_ИсторияКонтактнойИнформации,Организации_ИсторияКонтактнойИнформации,Обнаружено сканером,Catalog_Организации_ИсторияКонтактнойИнформации,документ,{},https://1cfresh.com/a/ea/2244652,false,false,false
Catalog_Организации_ИсторияНаименований,Организации_ИсторияНаименований,Обнаружено сканером,Catalog_Организации_ИсторияНаименований,документ,{},https://1cfresh.com/a/ea/2244652,false,false,false
Catalog_Организации_ИсторияСтатусовФизическогоЛица,Организации_ИсторияСтатусовФизическогоЛица,Обнаружено сканером,Catalog_Организации_ИсторияСтатусовФизическогоЛица,документ,{},https://1cfresh.com/a/ea/2244652,false,false,false
Catalog_Организации_КонтактнаяИнформация,Организации_КонтактнаяИнформация,Обнаружено сканером,Catalog_Организации_КонтактнаяИнформация,документ,{},https://1cfresh.com/a/ea/2244652,false,false,false
Catalog_ОрганизацииПрисоединенныеФайлы,ОрганизацииПрисоединенныеФайлы,Обнаружено сканером,Catalog_ОрганизацииПрисоединенныеФайлы,документ,{},https://1cfresh.com/a/ea/2244652,false,false,false
Catalog_ОрганизацииПрисоединенныеФайлы_УдалитьСертификатыШифрования,ОрганизацииПрисоединенныеФайлы_УдалитьСертификатыШифрования,Обнаружено сканером,Catalog_ОрганизацииПрисоединенныеФайлы_УдалитьСертификатыШифрования,документ,{},https://1cfresh.com/a/ea/2244652,false,false,false
Catalog_ОрганизацииПрисоединенныеФайлы_УдалитьЭлектронныеПодписи,ОрганизацииПрисоединенныеФайлы_УдалитьЭлектронныеПодписи,Обнаружено сканером,Catalog_ОрганизацииПрисоединенныеФайлы_УдалитьЭлектронныеПодписи,документ,{},https://1cfresh.com/a/ea/2244652,false,false,false
Catalog_ОрганыПФР,ОрганыПФР,Обнаружено сканером,Catalog_ОрганыПФР,документ,{},https://1cfresh.com/a/ea/2244652,false,false,false
Catalog_ОрганыПФР_Сертификаты,ОрганыПФР_Сертификаты,Обнаружено сканером,Catalog_ОрганыПФР_Сертификаты,документ,{},https://1cfresh.com/a/ea/2244652,false,false,false
Catalog_ОрганыПФР_СертификатыЕЦП,ОрганыПФР_СертификатыЕЦП,Обнаружено сканером,Catalog_ОрганыПФР_СертификатыЕЦП,документ,{},https://1cfresh.com/a/ea/2244652,false,false,false
Catalog_ОрганыПФР_СертификатыЭДОК,ОрганыПФР_СертификатыЭДОК,Обнаружено сканером,Catalog_ОрганыПФР_СертификатыЭДОК,документ,{},https://1cfresh.com/a/ea/2244652,false,false,false
Catalog_ОрганыФСГС,ОрганыФСГС,Обнаружено сканером,Catalog_ОрганыФСГС,документ,{},https://1cfresh.com/a/ea/2244652,false,false,false
Catalog_ОрганыФСГС_Сертификаты,ОрганыФСГС_Сертификаты,Обнаружено сканером,Catalog_ОрганыФСГС_Сертификаты,документ,{},https://1cfresh.com/a/ea/2244652,false,false,false
Catalog_ОснованияИсчисляемогоСтраховогоСтажа,ОснованияИсчисляемогоСтраховогоСтажа,Обнаружено сканером,Catalog_ОснованияИсчисляемогоСтраховогоСтажа,документ,{},https://1cfresh.com/a/ea/2244652,false,false,false
Catalog_ОснованияЛьготПоИмущественнымНалогам,ОснованияЛьготПоИмущественнымНалогам,Обнаружено сканером,Catalog_ОснованияЛьготПоИмущественнымНалогам,документ,{},https://1cfresh.com/a/ea/2244652,false,false,false
Catalog_ОснованияПраваПодписи,ОснованияПраваПодписи,Обнаружено сканером,Catalog_ОснованияПраваПодписи,документ,{},https://1cfresh.com/a/ea/2244652,false,false,false
Catalog_ОснованияФинансирования,ОснованияФинансирования,Обнаружено сканером,Catalog_ОснованияФинансирования,документ,{},https://1cfresh.com/a/ea/2244652,false,false,false
Catalog_ОснованияФинансирования_ДополнительныеРеквизиты,ОснованияФинансирования_ДополнительныеРеквизиты,Обнаружено сканером,Catalog_ОснованияФинансирования_ДополнительныеРеквизиты,документ,{},https://1cfresh.com/a/ea/2244652,false,false,false
Catalog_ОсновныеСредства,ОсновныеСредства,Обнаружено сканером,Catalog_ОсновныеСредства,документ,{},https://1cfresh.com/a/ea/2244652,false,false,false
Catalog_ОсновныеСредства_ДополнительныеРеквизиты,ОсновныеСредства_ДополнительныеРеквизиты,Обнаружено сканером,Catalog_ОсновныеСредства_ДополнительныеРеквизиты,документ,{},https://1cfresh.com/a/ea/2244652,false,false,false
Catalog_ОсновныеСредства_ИсторияПрослеживаемогоТовара,ОсновныеСредства_ИсторияПрослеживаемогоТовара,Обнаружено сканером,Catalog_ОсновныеСредства_ИсторияПрослеживаемогоТовара,документ,{},https://1cfresh.com/a/ea/2244652,false,false,false
Catalog_ОсновныеСредства_КонтактнаяИнформация,ОсновныеСредства_КонтактнаяИнформация,Обнаружено сканером,Catalog_ОсновныеСредства_КонтактнаяИнформация,документ,{},https://1cfresh.com/a/ea/2244652,false,false,false
Catalog_ОтветСтрахователяНаОбращениеСФРПрисоединенныеФайлы,ОтветСтрахователяНаОбращениеСФРПрисоединенныеФайлы,Обнаружено сканером,Catalog_ОтветСтрахователяНаОбращениеСФРПрисоединенныеФайлы,документ,{},https://1cfresh.com/a/ea/2244652,false,false,false
Catalog_ОтветСтрахователяНаТребованиеПроверкиФССПрисоединенныеФайлы,ОтветСтрахователяНаТребованиеПроверкиФССПрисоединенныеФайлы,Обнаружено сканером,Catalog_ОтветСтрахователяНаТребованиеПроверкиФССПрисоединенныеФайлы,документ,{},https://1cfresh.com/a/ea/2244652,false,false,false
Catalog_ПапкиФайлов,ПапкиФайлов,Обнаружено сканером,Catalog_ПапкиФайлов,документ,{},https://1cfresh.com/a/ea/2244652,false,false,false
Catalog_ПапкиФайлов_ДополнительныеРеквизиты,ПапкиФайлов_ДополнительныеРеквизиты,Обнаружено сканером,Catalog_ПапкиФайлов_ДополнительныеРеквизиты,документ,{},https://1cfresh.com/a/ea/2244652,false,false,false
Catalog_ПараметрыВыработкиОС,ПараметрыВыработкиОС,Обнаружено сканером,Catalog_ПараметрыВыработкиОС,документ,{},https://1cfresh.com/a/ea/2244652,false,false,false
Catalog_ПараметрыИсчисляемогоСтраховогоСтажа,ПараметрыИсчисляемогоСтраховогоСтажа,Обнаружено сканером,Catalog_ПараметрыИсчисляемогоСтраховогоСтажа,документ,{},https://1cfresh.com/a/ea/2244652,false,false,false
Catalog_ПараметрыТиповойОперации,ПараметрыТиповойОперации,Обнаружено сканером,Catalog_ПараметрыТиповойОперации,документ,{},https://1cfresh.com/a/ea/2244652,false,false,false
Catalog_ПерепискаСКонтролирующимиОрганами,ПерепискаСКонтролирующимиОрганами,Обнаружено сканером,Catalog_ПерепискаСКонтролирующимиОрганами,документ,{},https://1cfresh.com/a/ea/2244652,false,false,false
Catalog_ПодключаемоеОборудование,ПодключаемоеОборудование,Обнаружено сканером,Catalog_ПодключаемоеОборудование,документ,{},https://1cfresh.com/a/ea/2244652,false,false,false
Catalog_ПодключаемоеОборудование_ОграничениеДоступа,ПодключаемоеОборудование_ОграничениеДоступа,Обнаружено сканером,Catalog_ПодключаемоеОборудование_ОграничениеДоступа,документ,{},https://1cfresh.com/a/ea/2244652,false,false,false
Catalog_ПодключаемоеОборудование_ПараметрыРегистрации,ПодключаемоеОборудование_ПараметрыРегистрации,Обнаружено сканером,Catalog_ПодключаемоеОборудование_ПараметрыРегистрации,документ,{},https://1cfresh.com/a/ea/2244652,false,false,false
Catalog_ПодразделенияОрганизаций,ПодразделенияОрганизаций,Обнаружено сканером,Catalog_ПодразделенияОрганизаций,документ,{},https://1cfresh.com/a/ea/2244652,false,false,false
Catalog_ПодразделенияОрганизаций_ДополнительныеРеквизиты,ПодразделенияОрганизаций_ДополнительныеРеквизиты,Обнаружено сканером,Catalog_ПодразделенияОрганизаций_ДополнительныеРеквизиты,документ,{},https://1cfresh.com/a/ea/2244652,false,false,false
Catalog_ПодразделенияОрганизаций_КонтактнаяИнформация,ПодразделенияОрганизаций_КонтактнаяИнформация,Обнаружено сканером,Catalog_ПодразделенияОрганизаций_КонтактнаяИнформация,документ,{},https://1cfresh.com/a/ea/2244652,false,false,false
Catalog_Пользователи,Пользователи,Обнаружено сканером,Catalog_Пользователи,документ,{},https://1cfresh.com/a/ea/2244652,false,false,false
Catalog_Пользователи_ДополнительныеРеквизиты,Пользователи_ДополнительныеРеквизиты,Обнаружено сканером,Catalog_Пользователи_ДополнительныеРеквизиты,документ,{},https://1cfresh.com/a/ea/2244652,false,false,false
Catalog_Пользователи_КонтактнаяИнформация,Пользователи_КонтактнаяИнформация,Обнаружено сканером,Catalog_Пользователи_КонтактнаяИнформация,документ,{},https://1cfresh.com/a/ea/2244652,false,false,false
Catalog_ПоступлениеДопРасходовПрисоединенныеФайлы,ПоступлениеДопРасходовПрисоединенныеФайлы,Обнаружено сканером,Catalog_ПоступлениеДопРасходовПрисоединенныеФайлы,документ,{},https://1cfresh.com/a/ea/2244652,false,false,false
Catalog_ПоступлениеДопРасходовПрисоединенныеФайлы_УдалитьСертификатыШифрования,ПоступлениеДопРасходовПрисоединенныеФайлы_УдалитьСертификатыШифрования,Обнаружено сканером,Catalog_ПоступлениеДопРасходовПрисоединенныеФайлы_УдалитьСертификатыШифрования,документ,{},https://1cfresh.com/a/ea/2244652,false,false,false
Catalog_ПоступлениеДопРасходовПрисоединенныеФайлы_УдалитьЭлектронныеПодписи,ПоступлениеДопРасходовПрисоединенныеФайлы_УдалитьЭлектронныеПодписи,Обнаружено сканером,Catalog_ПоступлениеДопРасходовПрисоединенныеФайлы_УдалитьЭлектронныеПодписи,документ,{},https://1cfresh.com/a/ea/2244652,false,false,false
Catalog_ПоступлениеТоваровУслугПрисоединенныеФайлы,ПоступлениеТоваровУслугПрисоединенныеФайлы,Обнаружено сканером,Catalog_ПоступлениеТоваровУслугПрисоединенныеФайлы,документ,{},https://1cfresh.com/a/ea/2244652,false,false,false
Catalog_ПоступлениеТоваровУслугПрисоединенныеФайлы_УдалитьСертификатыШифрования,ПоступлениеТоваровУслугПрисоединенныеФайлы_УдалитьСертификатыШифрования,Обнаружено сканером,Catalog_ПоступлениеТоваровУслугПрисоединенныеФайлы_УдалитьСертификатыШифрования,документ,{},https://1cfresh.com/a/ea/2244652,false,false,false
Catalog_ПоступлениеТоваровУслугПрисоединенныеФайлы_УдалитьЭлектронныеПодписи,ПоступлениеТоваровУслугПрисоединенныеФайлы_УдалитьЭлектронныеПодписи,Обнаружено сканером,Catalog_ПоступлениеТоваровУслугПрисоединенныеФайлы_УдалитьЭлектронныеПодписи,документ,{},https://1cfresh.com/a/ea/2244652,false,false,false
Catalog_ПричиныСписанияОС,ПричиныСписанияОС,Обнаружено сканером,Catalog_ПричиныСписанияОС,документ,{},https://1cfresh.com/a/ea/2244652,false,false,false
Catalog_ПроизводственныеКалендари,ПроизводственныеКалендари,Обнаружено сканером,Catalog_ПроизводственныеКалендари,документ,{},https://1cfresh.com/a/ea/2244652,false,false,false
Catalog_ПрочиеДоходыИРасходы,ПрочиеДоходыИРасходы,Обнаружено сканером,Catalog_ПрочиеДоходыИРасходы,документ,{},https://1cfresh.com/a/ea/2244652,false,false,false
Catalog_РабочиеМеста,РабочиеМеста,Обнаружено сканером,Catalog_РабочиеМеста,документ,{},https://1cfresh.com/a/ea/2244652,false,false,false
Catalog_РабочиеМеста_MACАдреса,РабочиеМеста_MACАдреса,Обнаружено сканером,Catalog_РабочиеМеста_MACАдреса,документ,{},https://1cfresh.com/a/ea/2244652,false,false,false
Catalog_РабочиеМеста_ИдентификаторыКлиентов,РабочиеМеста_ИдентификаторыКлиентов,Обнаружено сканером,Catalog_РабочиеМеста_ИдентификаторыКлиентов,документ,{},https://1cfresh.com/a/ea/2244652,false,false,false
Catalog_РасходыБудущихПериодов,РасходыБудущихПериодов,Обнаружено сканером,Catalog_РасходыБудущихПериодов,документ,{},https://1cfresh.com/a/ea/2244652,false,false,false
Catalog_РегистрацииВНалоговомОргане,РегистрацииВНалоговомОргане,Обнаружено сканером,Catalog_РегистрацииВНалоговомОргане,документ,{},https://1cfresh.com/a/ea/2244652,false,false,false
Catalog_РегистрацииВНалоговомОргане_Подписанты,РегистрацииВНалоговомОргане_Подписанты,Обнаружено сканером,Catalog_РегистрацииВНалоговомОргане_Подписанты,документ,{},https://1cfresh.com/a/ea/2244652,false,false,false
Catalog_РегламентированныеОтчеты,РегламентированныеОтчеты,Обнаружено сканером,Catalog_РегламентированныеОтчеты,документ,{},https://1cfresh.com/a/ea/2244652,false,false,false
Catalog_Резервы,Резервы,Обнаружено сканером,Catalog_Резервы,документ,{},https://1cfresh.com/a/ea/2244652,false,false,false
Catalog_Резервы_ДополнительныеРеквизиты,Резервы_ДополнительныеРеквизиты,Обнаружено сканером,Catalog_Резервы_ДополнительныеРеквизиты,документ,{},https://1cfresh.com/a/ea/2244652,false,false,false
Catalog_РеквизитыКодаДляОплаты,РеквизитыКодаДляОплаты,Обнаружено сканером,Catalog_РеквизитыКодаДляОплаты,документ,{},https://1cfresh.com/a/ea/2244652,false,false,false
Catalog_РеквизитыКодаДляОплаты_ДопустимыеЗначения,РеквизитыКодаДляОплаты_ДопустимыеЗначения,Обнаружено сканером,Catalog_РеквизитыКодаДляОплаты_ДопустимыеЗначения,документ,{},https://1cfresh.com/a/ea/2244652,false,false,false
Catalog_РолиКонтактныхЛиц,РолиКонтактныхЛиц,Обнаружено сканером,Catalog_РолиКонтактныхЛиц,документ,{},https://1cfresh.com/a/ea/2244652,false,false,false
Catalog_СерверыДокументооборота,СерверыДокументооборота,Обнаружено сканером,Catalog_СерверыДокументооборота,документ,{},https://1cfresh.com/a/ea/2244652,false,false,false
Catalog_СканированныеДокументыДляПередачиВЭлектронномВиде,СканированныеДокументыДляПередачиВЭлектронномВиде,Обнаружено сканером,Catalog_СканированныеДокументыДляПередачиВЭлектронномВиде,документ,{},https://1cfresh.com/a/ea/2244652,false,false,false
Catalog_СканированныеДокументыДляПередачиВЭлектронномВиде_РеквизитыУчастников,СканированныеДокументыДляПередачиВЭлектронномВиде_РеквизитыУчастников,Обнаружено сканером,Catalog_СканированныеДокументыДляПередачиВЭлектронномВиде_РеквизитыУчастников,документ,{},https://1cfresh.com/a/ea/2244652,false,false,false
Catalog_Склады,Склады,Обнаружено сканером,Catalog_Склады,документ,{},https://1cfresh.com/a/ea/2244652,false,false,false
Catalog_Склады_ДополнительныеРеквизиты,Склады_ДополнительныеРеквизиты,Обнаружено сканером,Catalog_Склады_ДополнительныеРеквизиты,документ,{},https://1cfresh.com/a/ea/2244652,false,false,false
Catalog_Склады_КонтактнаяИнформация,Склады_КонтактнаяИнформация,Обнаружено сканером,Catalog_Склады_КонтактнаяИнформация,документ,{},https://1cfresh.com/a/ea/2244652,false,false,false
Catalog_СобытияОС,СобытияОС,Обнаружено сканером,Catalog_СобытияОС,документ,{},https://1cfresh.com/a/ea/2244652,false,false,false
Catalog_Сотрудники,Сотрудники,Обнаружено сканером,Catalog_Сотрудники,документ,{},https://1cfresh.com/a/ea/2244652,false,false,false
Catalog_Сотрудники_ДополнительныеРеквизиты,Сотрудники_ДополнительныеРеквизиты,Обнаружено сканером,Catalog_Сотрудники_ДополнительныеРеквизиты,документ,{},https://1cfresh.com/a/ea/2244652,false,false,false
Catalog_Сотрудники_УдалитьНаборыЗначенийДоступа,Сотрудники_УдалитьНаборыЗначенийДоступа,Обнаружено сканером,Catalog_Сотрудники_УдалитьНаборыЗначенийДоступа,документ,{},https://1cfresh.com/a/ea/2244652,false,false,false
Catalog_СпецификацииНоменклатуры,СпецификацииНоменклатуры,Обнаружено сканером,Catalog_СпецификацииНоменклатуры,документ,{},https://1cfresh.com/a/ea/2244652,false,false,false
Catalog_СпецификацииНоменклатуры_ИсходныеКомплектующие,СпецификацииНоменклатуры_ИсходныеКомплектующие,Обнаружено сканером,Catalog_СпецификацииНоменклатуры_ИсходныеКомплектующие,документ,{},https://1cfresh.com/a/ea/2244652,false,false,false
Catalog_СпособыДоставки,СпособыДоставки,Обнаружено сканером,Catalog_СпособыДоставки,документ,{},https://1cfresh.com/a/ea/2244652,false,false,false
Catalog_СпособыОтраженияЗарплатыВБухУчете,СпособыОтраженияЗарплатыВБухУчете,Обнаружено сканером,Catalog_СпособыОтраженияЗарплатыВБухУчете,документ,{},https://1cfresh.com/a/ea/2244652,false,false,false
Catalog_СпособыОтраженияЗарплатыВБухУчете_ДополнительныеРеквизиты,СпособыОтраженияЗарплатыВБухУчете_ДополнительныеРеквизиты,Обнаружено сканером,Catalog_СпособыОтраженияЗарплатыВБухУчете_ДополнительныеРеквизиты,документ,{},https://1cfresh.com/a/ea/2244652,false,false,false
Catalog_СпособыОтраженияРасходовПоАмортизации,СпособыОтраженияРасходовПоАмортизации,Обнаружено сканером,Catalog_СпособыОтраженияРасходовПоАмортизации,документ,{},https://1cfresh.com/a/ea/2244652,false,false,false
Catalog_СпособыОтраженияРасходовПоАмортизации_Способы,СпособыОтраженияРасходовПоАмортизации_Способы,Обнаружено сканером,Catalog_СпособыОтраженияРасходовПоАмортизации_Способы,документ,{},https://1cfresh.com/a/ea/2244652,false,false,false
Catalog_СтатьиДвиженияДенежныхСредств,СтатьиДвиженияДенежныхСредств,Обнаружено сканером,Catalog_СтатьиДвиженияДенежныхСредств,документ,{},https://1cfresh.com/a/ea/2244652,false,false,false
Catalog_СтатьиЗатрат,СтатьиЗатрат,Обнаружено сканером,Catalog_СтатьиЗатрат,документ,{},https://1cfresh.com/a/ea/2244652,false,false,false
Catalog_СтатьиРасходовЗарплата,СтатьиРасходовЗарплата,Обнаружено сканером,Catalog_СтатьиРасходовЗарплата,документ,{},https://1cfresh.com/a/ea/2244652,false,false,false
Catalog_СтатьиРасходовЗарплата_ДополнительныеРеквизиты,СтатьиРасходовЗарплата_ДополнительныеРеквизиты,Обнаружено сканером,Catalog_СтатьиРасходовЗарплата_ДополнительныеРеквизиты,документ,{},https://1cfresh.com/a/ea/2244652,false,false,false
Catalog_СтраныМира,СтраныМира,Обнаружено сканером,Catalog_СтраныМира,документ,{},https://1cfresh.com/a/ea/2244652,false,false,false
Catalog_СтраныМира_ДополнительныеРеквизиты,СтраныМира_ДополнительныеРеквизиты,Обнаружено сканером,Catalog_СтраныМира_ДополнительныеРеквизиты,документ,{},https://1cfresh.com/a/ea/2244652,false,false,false
Catalog_Субконто,Субконто,Обнаружено сканером,Catalog_Субконто,документ,{},https://1cfresh.com/a/ea/2244652,false,false,false
Catalog_ТерриториальныеУсловияПФР,ТерриториальныеУсловияПФР,Обнаружено сканером,Catalog_ТерриториальныеУсловияПФР,документ,{},https://1cfresh.com/a/ea/2244652,false,false,false
Catalog_ТиповыеОперации,ТиповыеОперации,Обнаружено сканером,Catalog_ТиповыеОперации,документ,{},https://1cfresh.com/a/ea/2244652,false,false,false
Catalog_ТиповыеОперации_ДвиженияРегистров,ТиповыеОперации_ДвиженияРегистров,Обнаружено сканером,Catalog_ТиповыеОперации_ДвиженияРегистров,документ,{},https://1cfresh.com/a/ea/2244652,false,false,false
Catalog_ТиповыеОперации_Хозрасчетный,ТиповыеОперации_Хозрасчетный,Обнаружено сканером,Catalog_ТиповыеОперации_Хозрасчетный,документ,{},https://1cfresh.com/a/ea/2244652,false,false,false
Catalog_ТипыДокументов,ТипыДокументов,Обнаружено сканером,Catalog_ТипыДокументов,документ,{},https://1cfresh.com/a/ea/2244652,false,false,false
Catalog_ТипыЦенНоменклатуры,ТипыЦенНоменклатуры,Обнаружено сканером,Catalog_ТипыЦенНоменклатуры,документ,{},https://1cfresh.com/a/ea/2244652,false,false,false
Catalog_ТомаХраненияФайлов,ТомаХраненияФайлов,Обнаружено сканером,Catalog_ТомаХраненияФайлов,документ,{},https://1cfresh.com/a/ea/2244652,false,false,false
Catalog_ТорговыеТочки,ТорговыеТочки,Обнаружено сканером,Catalog_ТорговыеТочки,документ,{},https://1cfresh.com/a/ea/2244652,false,false,false
Catalog_ТорговыеТочки_КонтактнаяИнформация,ТорговыеТочки_КонтактнаяИнформация,Обнаружено сканером,Catalog_ТорговыеТочки_КонтактнаяИнформация,документ,{},https://1cfresh.com/a/ea/2244652,false,false,false
Catalog_ТранспортныеСредства,ТранспортныеСредства,Обнаружено сканером,Catalog_ТранспортныеСредства,документ,{},https://1cfresh.com/a/ea/2244652,false,false,false
Catalog_ТрудовыеФункции,ТрудовыеФункции,Обнаружено сканером,Catalog_ТрудовыеФункции,документ,{},https://1cfresh.com/a/ea/2244652,false,false,false
Catalog_УбыткиПрошлыхЛет,УбыткиПрошлыхЛет,Обнаружено сканером,Catalog_УбыткиПрошлыхЛет,документ,{},https://1cfresh.com/a/ea/2244652,false,false,false
Catalog_УдалитьВидыНалоговыхОрганов,УдалитьВидыНалоговыхОрганов,Обнаружено сканером,Catalog_УдалитьВидыНалоговыхОрганов,документ,{},https://1cfresh.com/a/ea/2244652,false,false,false
Catalog_УдалитьВидыОтправляемыхДокументов,УдалитьВидыОтправляемыхДокументов,Обнаружено сканером,Catalog_УдалитьВидыОтправляемыхДокументов,документ,{},https://1cfresh.com/a/ea/2244652,false,false,false
Catalog_УдалитьВнешниеОбработки,УдалитьВнешниеОбработки,Обнаружено сканером,Catalog_УдалитьВнешниеОбработки,документ,{},https://1cfresh.com/a/ea/2244652,false,false,false
Catalog_УдалитьВнешниеОбработки_Принадлежность,УдалитьВнешниеОбработки_Принадлежность,Обнаружено сканером,Catalog_УдалитьВнешниеОбработки_Принадлежность,документ,{},https://1cfresh.com/a/ea/2244652,false,false,false
Catalog_УдалитьВычетыНДФЛ,УдалитьВычетыНДФЛ,Обнаружено сканером,Catalog_УдалитьВычетыНДФЛ,документ,{},https://1cfresh.com/a/ea/2244652,false,false,false
Catalog_УдалитьДокументыРеализацииПолномочийНалоговыхОрганов,УдалитьДокументыРеализацииПолномочийНалоговыхОрганов,Обнаружено сканером,Catalog_УдалитьДокументыРеализацииПолномочийНалоговыхОрганов,документ,{},https://1cfresh.com/a/ea/2244652,false,false,false
Catalog_УдалитьДокументыУдостоверяющиеЛичность,УдалитьДокументыУдостоверяющиеЛичность,Обнаружено сканером,Catalog_УдалитьДокументыУдостоверяющиеЛичность,документ,{},https://1cfresh.com/a/ea/2244652,false,false,false
Catalog_УдалитьДоходыЕСН,УдалитьДоходыЕСН,Обнаружено сканером,Catalog_УдалитьДоходыЕСН,документ,{},https://1cfresh.com/a/ea/2244652,false,false,false
Catalog_УдалитьДоходыНДФЛ,УдалитьДоходыНДФЛ,Обнаружено сканером,Catalog_УдалитьДоходыНДФЛ,документ,{},https://1cfresh.com/a/ea/2244652,false,false,false
Catalog_УдалитьДоходыПоСтраховымВзносам,УдалитьДоходыПоСтраховымВзносам,Обнаружено сканером,Catalog_УдалитьДоходыПоСтраховымВзносам,документ,{},https://1cfresh.com/a/ea/2244652,false,false,false
Catalog_УдалитьКлассификаторЗанятий,УдалитьКлассификаторЗанятий,Обнаружено сканером,Catalog_УдалитьКлассификаторЗанятий,документ,{},https://1cfresh.com/a/ea/2244652,false,false,false
Catalog_УдалитьНалоговыеОрганы,УдалитьНалоговыеОрганы,Обнаружено сканером,Catalog_УдалитьНалоговыеОрганы,документ,{},https://1cfresh.com/a/ea/2244652,false,false,false
Catalog_УдалитьНалоговыеОрганы_Сертификаты,УдалитьНалоговыеОрганы_Сертификаты,Обнаружено сканером,Catalog_УдалитьНалоговыеОрганы_Сертификаты,документ,{},https://1cfresh.com/a/ea/2244652,false,false,false
Catalog_УдалитьОрганыПФР,УдалитьОрганыПФР,Обнаружено сканером,Catalog_УдалитьОрганыПФР,документ,{},https://1cfresh.com/a/ea/2244652,false,false,false
Catalog_УдалитьОрганыПФР_Сертификаты,УдалитьОрганыПФР_Сертификаты,Обнаружено сканером,Catalog_УдалитьОрганыПФР_Сертификаты,документ,{},https://1cfresh.com/a/ea/2244652,false,false,false
Catalog_УдалитьОснованияВыслугиЛет,УдалитьОснованияВыслугиЛет,Обнаружено сканером,Catalog_УдалитьОснованияВыслугиЛет,документ,{},https://1cfresh.com/a/ea/2244652,false,false,false
Catalog_УдалитьОснованияИсчисляемогоСтраховогоСтажа,УдалитьОснованияИсчисляемогоСтраховогоСтажа,Обнаружено сканером,Catalog_УдалитьОснованияИсчисляемогоСтраховогоСтажа,документ,{},https://1cfresh.com/a/ea/2244652,false,false,false
Catalog_УдалитьОснованияУвольненийИзОрганизаций,УдалитьОснованияУвольненийИзОрганизаций,Обнаружено сканером,Catalog_УдалитьОснованияУвольненийИзОрганизаций,документ,{},https://1cfresh.com/a/ea/2244652,false,false,false
Catalog_УдалитьОсобыеУсловияТруда,УдалитьОсобыеУсловияТруда,Обнаружено сканером,Catalog_УдалитьОсобыеУсловияТруда,документ,{},https://1cfresh.com/a/ea/2244652,false,false,false
Catalog_УдалитьОценочныеОбязательства,УдалитьОценочныеОбязательства,Обнаружено сканером,Catalog_УдалитьОценочныеОбязательства,документ,{},https://1cfresh.com/a/ea/2244652,false,false,false
Catalog_УдалитьПараметрыИсчисляемогоСтраховогоСтажа2014,УдалитьПараметрыИсчисляемогоСтраховогоСтажа2014,Обнаружено сканером,Catalog_УдалитьПараметрыИсчисляемогоСтраховогоСтажа2014,документ,{},https://1cfresh.com/a/ea/2244652,false,false,false
Catalog_УдалитьПерепискаСКонтролирующимиОрганами,УдалитьПерепискаСКонтролирующимиОрганами,Обнаружено сканером,Catalog_УдалитьПерепискаСКонтролирующимиОрганами,документ,{},https://1cfresh.com/a/ea/2244652,false,false,false
Catalog_УдалитьРегламентированныеОтчеты,УдалитьРегламентированныеОтчеты,Обнаружено сканером,Catalog_УдалитьРегламентированныеОтчеты,документ,{},https://1cfresh.com/a/ea/2244652,false,false,false
Catalog_УдалитьСерверыДокументооборота,УдалитьСерверыДокументооборота,Обнаружено сканером,Catalog_УдалитьСерверыДокументооборота,документ,{},https://1cfresh.com/a/ea/2244652,false,false,false
Catalog_УдалитьСпособыОтраженияЗарплатыВРеглУчете,УдалитьСпособыОтраженияЗарплатыВРеглУчете,Обнаружено сканером,Catalog_УдалитьСпособыОтраженияЗарплатыВРеглУчете,документ,{},https://1cfresh.com/a/ea/2244652,false,false,false
Catalog_УдалитьТерриториальныеУсловия,УдалитьТерриториальныеУсловия,Обнаружено сканером,Catalog_УдалитьТерриториальныеУсловия,документ,{},https://1cfresh.com/a/ea/2244652,false,false,false
Catalog_УдалитьТерриториальныеУсловияПФР,УдалитьТерриториальныеУсловияПФР,Обнаружено сканером,Catalog_УдалитьТерриториальныеУсловияПФР,документ,{},https://1cfresh.com/a/ea/2244652,false,false,false
Catalog_УдалитьУчетныеЗаписиДокументооборота,УдалитьУчетныеЗаписиДокументооборота,Обнаружено сканером,Catalog_УдалитьУчетныеЗаписиДокументооборота,документ,{},https://1cfresh.com/a/ea/2244652,false,false,false
Catalog_УдалитьЭлектронныеПредставленияРегламентированныхОтчетов,УдалитьЭлектронныеПредставленияРегламентированныхОтчетов,Обнаружено сканером,Catalog_УдалитьЭлектронныеПредставленияРегламентированныхОтчетов,документ,{},https://1cfresh.com/a/ea/2244652,false,false,false
Catalog_УчетныеЗаписиDSS,УчетныеЗаписиDSS,Обнаружено сканером,Catalog_УчетныеЗаписиDSS,документ,{},https://1cfresh.com/a/ea/2244652,false,false,false
Catalog_УчетныеЗаписиДокументооборота,УчетныеЗаписиДокументооборота,Обнаружено сканером,Catalog_УчетныеЗаписиДокументооборота,документ,{},https://1cfresh.com/a/ea/2244652,false,false,false
Catalog_УчетныеЗаписиДокументооборота_СертификатыЛичные,УчетныеЗаписиДокументооборота_СертификатыЛичные,Обнаружено сканером,Catalog_УчетныеЗаписиДокументооборота_СертификатыЛичные,документ,{},https://1cfresh.com/a/ea/2244652,false,false,false
Catalog_УчетныеЗаписиДокументооборота_СертификатыПФР,УчетныеЗаписиДокументооборота_СертификатыПФР,Обнаружено сканером,Catalog_УчетныеЗаписиДокументооборота_СертификатыПФР,документ,{},https://1cfresh.com/a/ea/2244652,false,false,false
Catalog_УчетныеЗаписиДокументооборота_СертификатыПрочие,УчетныеЗаписиДокументооборота_СертификатыПрочие,Обнаружено сканером,Catalog_УчетныеЗаписиДокументооборота_СертификатыПрочие,документ,{},https://1cfresh.com/a/ea/2244652,false,false,false
Catalog_УчетныеЗаписиЭлектроннойПочты,УчетныеЗаписиЭлектроннойПочты,Обнаружено сканером,Catalog_УчетныеЗаписиЭлектроннойПочты,документ,{},https://1cfresh.com/a/ea/2244652,false,false,false
Catalog_Файлы,Файлы,Обнаружено сканером,Catalog_Файлы,документ,{},https://1cfresh.com/a/ea/2244652,false,false,false
Catalog_Файлы_ДополнительныеРеквизиты,Файлы_ДополнительныеРеквизиты,Обнаружено сканером,Catalog_Файлы_ДополнительныеРеквизиты,документ,{},https://1cfresh.com/a/ea/2244652,false,false,false
Catalog_Файлы_УдалитьСертификатыШифрования,Файлы_УдалитьСертификатыШифрования,Обнаружено сканером,Catalog_Файлы_УдалитьСертификатыШифрования,документ,{},https://1cfresh.com/a/ea/2244652,false,false,false
Catalog_ФизическиеЛица,ФизическиеЛица,Обнаружено сканером,Catalog_ФизическиеЛица,документ,{},https://1cfresh.com/a/ea/2244652,false,false,false
Catalog_ФизическиеЛица_ДополнительныеРеквизиты,ФизическиеЛица_ДополнительныеРеквизиты,Обнаружено сканером,Catalog_ФизическиеЛица_ДополнительныеРеквизиты,документ,{},https://1cfresh.com/a/ea/2244652,false,false,false
Catalog_ФизическиеЛица_КонтактнаяИнформация,ФизическиеЛица_КонтактнаяИнформация,Обнаружено сканером,Catalog_ФизическиеЛица_КонтактнаяИнформация,документ,{},https://1cfresh.com/a/ea/2244652,false,false,false
Catalog_ФизическиеЛицаПрисоединенныеФайлы,ФизическиеЛицаПрисоединенныеФайлы,Обнаружено сканером,Catalog_ФизическиеЛицаПрисоединенныеФайлы,документ,{},https://1cfresh.com/a/ea/2244652,false,false,false
Catalog_ФизическиеЛицаПрисоединенныеФайлы_УдалитьСертификатыШифрования,ФизическиеЛицаПрисоединенныеФайлы_УдалитьСертификатыШифрования,Обнаружено сканером,Catalog_ФизическиеЛицаПрисоединенныеФайлы_УдалитьСертификатыШифрования,документ,{},https://1cfresh.com/a/ea/2244652,false,false,false
Catalog_ФизическиеЛицаПрисоединенныеФайлы_УдалитьЭлектронныеПодписи,ФизическиеЛицаПрисоединенныеФайлы_УдалитьЭлектронныеПодписи,Обнаружено сканером,Catalog_ФизическиеЛицаПрисоединенныеФайлы_УдалитьЭлектронныеПодписи,документ,{},https://1cfresh.com/a/ea/2244652,false,false,false
Catalog_ХранимыеДанныеЭПД,ХранимыеДанныеЭПД,Обнаружено сканером,Catalog_ХранимыеДанныеЭПД,документ,{},https://1cfresh.com/a/ea/2244652,false,false,false
Catalog_ХранимыеДанныеЭПД_Данные,ХранимыеДанныеЭПД_Данные,Обнаружено сканером,Catalog_ХранимыеДанныеЭПД_Данные,документ,{},https://1cfresh.com/a/ea/2244652,false,false,false
Catalog_ЦелиРасходаМатериалов,ЦелиРасходаМатериалов,Обнаружено сканером,Catalog_ЦелиРасходаМатериалов,документ,{},https://1cfresh.com/a/ea/2244652,false,false,false
Catalog_ЦенныеБумаги,ЦенныеБумаги,Обнаружено сканером,Catalog_ЦенныеБумаги,документ,{},https://1cfresh.com/a/ea/2244652,false,false,false
Catalog_ШаблоныПоясненийДляФНС,ШаблоныПоясненийДляФНС,Обнаружено сканером,Catalog_ШаблоныПоясненийДляФНС,документ,{},https://1cfresh.com/a/ea/2244652,false,false,false
Catalog_ШтрихкодыУпаковокТоваров,ШтрихкодыУпаковокТоваров,Обнаружено сканером,Catalog_ШтрихкодыУпаковокТоваров,документ,{},https://1cfresh.com/a/ea/2244652,false,false,false
Catalog_ШтрихкодыУпаковокТоваров_ВложенныеТовары,ШтрихкодыУпаковокТоваров_ВложенныеТовары,Обнаружено сканером,Catalog_ШтрихкодыУпаковокТоваров_ВложенныеТовары,документ,{},https://1cfresh.com/a/ea/2244652,false,false,false
Catalog_ШтрихкодыУпаковокТоваров_ВложенныеШтрихкоды,ШтрихкодыУпаковокТоваров_ВложенныеШтрихкоды,Обнаружено сканером,Catalog_ШтрихкодыУпаковокТоваров_ВложенныеШтрихкоды,документ,{},https://1cfresh.com/a/ea/2244652,false,false,false
Catalog_ЭкземплярыСервераDSS,ЭкземплярыСервераDSS,Обнаружено сканером,Catalog_ЭкземплярыСервераDSS,документ,{},https://1cfresh.com/a/ea/2244652,false,false,false
Catalog_ЭкземплярыСервераDSS_ОграничениеАвторизации,ЭкземплярыСервераDSS_ОграничениеАвторизации,Обнаружено сканером,Catalog_ЭкземплярыСервераDSS_ОграничениеАвторизации,документ,{},https://1cfresh.com/a/ea/2244652,false,false,false
Catalog_ЭлектронныеПредставленияРегламентированныхОтчетов,ЭлектронныеПредставленияРегламентированныхОтчетов,Обнаружено сканером,Catalog_ЭлектронныеПредставленияРегламентированныхОтчетов,документ,{},https://1cfresh.com/a/ea/2244652,false,false,false
ChartOfAccounts_Хозрасчетный,ChartOfAccounts_Хозрасчетный,Обнаружено сканером,ChartOfAccounts_Хозрасчетный,документ,{},https://1cfresh.com/a/ea/2244652,false,false,false
ChartOfCalculationTypes_УдалитьОсновныеНачисленияОрганизаций,ChartOfCalculationTypes_УдалитьОсновныеНачисленияОрганизаций,Обнаружено сканером,ChartOfCalculationTypes_УдалитьОсновныеНачисленияОрганизаций,документ,{},https://1cfresh.com/a/ea/2244652,false,false,false
ChartOfCharacteristicTypes_ВидыСубконтоХозрасчетные,ChartOfCharacteristicTypes_ВидыСубконтоХозрасчетные,Обнаружено сканером,ChartOfCharacteristicTypes_ВидыСубконтоХозрасчетные,документ,{},https://1cfresh.com/a/ea/2244652,false,false,false
Document_АвансовыйОтчет_Билеты,АвансовыйОтчет_Билеты,Обнаружено сканером,Document_АвансовыйОтчет_Билеты,документ,{},https://1cfresh.com/a/ea/2244652,false,false,false
Document_АвансовыйОтчет_ВозвратнаяТара,АвансовыйОтчет_ВозвратнаяТара,Обнаружено сканером,Document_АвансовыйОтчет_ВозвратнаяТара,документ,{},https://1cfresh.com/a/ea/2244652,false,false,false
Document_АвансовыйОтчет_ВыданныеАвансы,АвансовыйОтчет_ВыданныеАвансы,Обнаружено сканером,Document_АвансовыйОтчет_ВыданныеАвансы,документ,{},https://1cfresh.com/a/ea/2244652,false,false,false
Document_АвансовыйОтчет_ОплатаПоставщикам,АвансовыйОтчет_ОплатаПоставщикам,Обнаружено сканером,Document_АвансовыйОтчет_ОплатаПоставщикам,документ,{},https://1cfresh.com/a/ea/2244652,false,false,false
Document_АвансовыйОтчет_Прочее,АвансовыйОтчет_Прочее,Обнаружено сканером,Document_АвансовыйОтчет_Прочее,документ,{},https://1cfresh.com/a/ea/2244652,false,false,false
Document_АвансовыйОтчет_Суточные,АвансовыйОтчет_Суточные,Обнаружено сканером,Document_АвансовыйОтчет_Суточные,документ,{},https://1cfresh.com/a/ea/2244652,false,false,false
Document_АвансовыйОтчет_Товары,АвансовыйОтчет_Товары,Обнаружено сканером,Document_АвансовыйОтчет_Товары,документ,{},https://1cfresh.com/a/ea/2244652,false,false,false
Document_АктОРасхождениях,АктОРасхождениях,Обнаружено сканером,Document_АктОРасхождениях,документ,{},https://1cfresh.com/a/ea/2244652,false,false,false
Document_АктОРасхождениях_АгентскиеУслуги,АктОРасхождениях_АгентскиеУслуги,Обнаружено сканером,Document_АктОРасхождениях_АгентскиеУслуги,документ,{},https://1cfresh.com/a/ea/2244652,false,false,false
Document_АктОРасхождениях_Товары,АктОРасхождениях_Товары,Обнаружено сканером,Document_АктОРасхождениях_Товары,документ,{},https://1cfresh.com/a/ea/2244652,false,false,false
Document_АктОРасхождениях_УпаковкиРасхождения,АктОРасхождениях_УпаковкиРасхождения,Обнаружено сканером,Document_АктОРасхождениях_УпаковкиРасхождения,документ,{},https://1cfresh.com/a/ea/2244652,false,false,false
Document_АктОРасхождениях_Услуги,АктОРасхождениях_Услуги,Обнаружено сканером,Document_АктОРасхождениях_Услуги,документ,{},https://1cfresh.com/a/ea/2244652,false,false,false
Document_АктОРасхождениях_ШтрихкодыУпаковок,АктОРасхождениях_ШтрихкодыУпаковок,Обнаружено сканером,Document_АктОРасхождениях_ШтрихкодыУпаковок,документ,{},https://1cfresh.com/a/ea/2244652,false,false,false
Document_АктОРасхожденияхПолученный,АктОРасхожденияхПолученный,Обнаружено сканером,Document_АктОРасхожденияхПолученный,документ,{},https://1cfresh.com/a/ea/2244652,false,false,false
Document_АктОРасхожденияхПолученный_АгентскиеУслуги,АктОРасхожденияхПолученный_АгентскиеУслуги,Обнаружено сканером,Document_АктОРасхожденияхПолученный_АгентскиеУслуги,документ,{},https://1cfresh.com/a/ea/2244652,false,false,false
Document_АктОРасхожденияхПолученный_Товары,АктОРасхожденияхПолученный_Товары,Обнаружено сканером,Document_АктОРасхожденияхПолученный_Товары,документ,{},https://1cfresh.com/a/ea/2244652,false,false,false
Document_АктОРасхожденияхПолученный_Услуги,АктОРасхожденияхПолученный_Услуги,Обнаружено сканером,Document_АктОРасхожденияхПолученный_Услуги,документ,{},https://1cfresh.com/a/ea/2244652,false,false,false
Document_АктОРасхожденияхПолученный_ШтрихкодыУпаковок,АктОРасхожденияхПолученный_ШтрихкодыУпаковок,Обнаружено сканером,Document_АктОРасхожденияхПолученный_ШтрихкодыУпаковок,документ,{},https://1cfresh.com/a/ea/2244652,false,false,false
Document_АктОРасхожденияхПолученный_ШтрихкодыУпаковокРасхождения,АктОРасхожденияхПолученный_ШтрихкодыУпаковокРасхождения,Обнаружено сканером,Document_АктОРасхожденияхПолученный_ШтрихкодыУпаковокРасхождения,документ,{},https://1cfresh.com/a/ea/2244652,false,false,false
Document_АктОРасхожденияхПолученный_ШтрихкодыУпаковокФактЭДО,АктОРасхожденияхПолученный_ШтрихкодыУпаковокФактЭДО,Обнаружено сканером,Document_АктОРасхожденияхПолученный_ШтрихкодыУпаковокФактЭДО,документ,{},https://1cfresh.com/a/ea/2244652,false,false,false
Document_АктОбОказанииПроизводственныхУслуг,АктОбОказанииПроизводственныхУслуг,Обнаружено сканером,Document_АктОбОказанииПроизводственныхУслуг,документ,{},https://1cfresh.com/a/ea/2244652,false,false,false
Document_АктОбОказанииПроизводственныхУслуг_ЗачетАвансов,АктОбОказанииПроизводственныхУслуг_ЗачетАвансов,Обнаружено сканером,Document_АктОбОказанииПроизводственныхУслуг_ЗачетАвансов,документ,{},https://1cfresh.com/a/ea/2244652,false,false,false
Document_АктОбОказанииПроизводственныхУслуг_Услуги,АктОбОказанииПроизводственныхУслуг_Услуги,Обнаружено сканером,Document_АктОбОказанииПроизводственныхУслуг_Услуги,документ,{},https://1cfresh.com/a/ea/2244652,false,false,false
Document_АктСверкиВзаиморасчетов,АктСверкиВзаиморасчетов,Обнаружено сканером,Document_АктСверкиВзаиморасчетов,документ,{},https://1cfresh.com/a/ea/2244652,false,false,false
Document_АктСверкиВзаиморасчетов_ПоДаннымКонтрагента,АктСверкиВзаиморасчетов_ПоДаннымКонтрагента,Обнаружено сканером,Document_АктСверкиВзаиморасчетов_ПоДаннымКонтрагента,документ,{},https://1cfresh.com/a/ea/2244652,false,false,false
Document_АктСверкиВзаиморасчетов_ПоДаннымОрганизации,АктСверкиВзаиморасчетов_ПоДаннымОрганизации,Обнаружено сканером,Document_АктСверкиВзаиморасчетов_ПоДаннымОрганизации,документ,{},https://1cfresh.com/a/ea/2244652,false,false,false
Document_АктСверкиВзаиморасчетов_Сверка,АктСверкиВзаиморасчетов_Сверка,Обнаружено сканером,Document_АктСверкиВзаиморасчетов_Сверка,документ,{},https://1cfresh.com/a/ea/2244652,false,false,false
Document_АктСверкиВзаиморасчетов_СписокСчетов,АктСверкиВзаиморасчетов_СписокСчетов,Обнаружено сканером,Document_АктСверкиВзаиморасчетов_СписокСчетов,документ,{},https://1cfresh.com/a/ea/2244652,false,false,false
Document_ВводНачальныхОстатков,ВводНачальныхОстатков,Обнаружено сканером,Document_ВводНачальныхОстатков,документ,{},https://1cfresh.com/a/ea/2244652,false,false,false
Document_ВводНачальныхОстатков_БухСправка,ВводНачальныхОстатков_БухСправка,Обнаружено сканером,Document_ВводНачальныхОстатков_БухСправка,документ,{},https://1cfresh.com/a/ea/2244652,false,false,false
Document_ВводНачальныхОстатков_ГрафикПроцентныхРасходов,ВводНачальныхОстатков_ГрафикПроцентныхРасходов,Обнаружено сканером,Document_ВводНачальныхОстатков_ГрафикПроцентныхРасходов,документ,{},https://1cfresh.com/a/ea/2244652,false,false,false
Document_ВводНачальныхОстатков_ДанныеПоНДС,ВводНачальныхОстатков_ДанныеПоНДС,Обнаружено сканером,Document_ВводНачальныхОстатков_ДанныеПоНДС,документ,{},https://1cfresh.com/a/ea/2244652,false,false,false
Document_ВводНачальныхОстатков_ДанныеПоСФ,ВводНачальныхОстатков_ДанныеПоСФ,Обнаружено сканером,Document_ВводНачальныхОстатков_ДанныеПоСФ,документ,{},https://1cfresh.com/a/ea/2244652,false,false,false
Document_ВводНачальныхОстатков_ДопРасходыИП,ВводНачальныхОстатков_ДопРасходыИП,Обнаружено сканером,Document_ВводНачальныхОстатков_ДопРасходыИП,документ,{},https://1cfresh.com/a/ea/2244652,false,false,false
Document_ВводНачальныхОстатков_ДопРасходыУСН,ВводНачальныхОстатков_ДопРасходыУСН,Обнаружено сканером,Document_ВводНачальныхОстатков_ДопРасходыУСН,документ,{},https://1cfresh.com/a/ea/2244652,false,false,false
Document_ВводНачальныхОстатков_ЗатратыНаРемонтОС,ВводНачальныхОстатков_ЗатратыНаРемонтОС,Обнаружено сканером,Document_ВводНачальныхОстатков_ЗатратыНаРемонтОС,документ,{},https://1cfresh.com/a/ea/2244652,false,false,false
Document_ВводНачальныхОстатков_МПЗОтгруженные,ВводНачальныхОстатков_МПЗОтгруженные,Обнаружено сканером,Document_ВводНачальныхОстатков_МПЗОтгруженные,документ,{},https://1cfresh.com/a/ea/2244652,false,false,false
Document_ВводНачальныхОстатков_МПЗРеализованныеИП,ВводНачальныхОстатков_МПЗРеализованныеИП,Обнаружено сканером,Document_ВводНачальныхОстатков_МПЗРеализованныеИП,документ,{},https://1cfresh.com/a/ea/2244652,false,false,false
Document_ВводНачальныхОстатков_МПЗРеализованныеУСН,ВводНачальныхОстатков_МПЗРеализованныеУСН,Обнаружено сканером,Document_ВводНачальныхОстатков_МПЗРеализованныеУСН,документ,{},https://1cfresh.com/a/ea/2244652,false,false,false
Document_ВводНачальныхОстатков_МатериалыПереданныеВПереработку,ВводНачальныхОстатков_МатериалыПереданныеВПереработку,Обнаружено сканером,Document_ВводНачальныхОстатков_МатериалыПереданныеВПереработку,документ,{},https://1cfresh.com/a/ea/2244652,false,false,false
Document_ВводНачальныхОстатков_НДСУчтенныйВСтоимости,ВводНачальныхОстатков_НДСУчтенныйВСтоимости,Обнаружено сканером,Document_ВводНачальныхОстатков_НДСУчтенныйВСтоимости,документ,{},https://1cfresh.com/a/ea/2244652,false,false,false
Document_ВводНачальныхОстатков_НМА,ВводНачальныхОстатков_НМА,Обнаружено сканером,Document_ВводНачальныхОстатков_НМА,документ,{},https://1cfresh.com/a/ea/2244652,false,false,false
Document_ВводНачальныхОстатков_НоменклатураНаСкладе,ВводНачальныхОстатков_НоменклатураНаСкладе,Обнаружено сканером,Document_ВводНачальныхОстатков_НоменклатураНаСкладе,документ,{},https://1cfresh.com/a/ea/2244652,false,false,false
Document_ВводНачальныхОстатков_ОС,ВводНачальныхОстатков_ОС,Обнаружено сканером,Document_ВводНачальныхОстатков_ОС,документ,{},https://1cfresh.com/a/ea/2244652,false,false,false
Document_ВводНачальныхОстатков_Обороты,ВводНачальныхОстатков_Обороты,Обнаружено сканером,Document_ВводНачальныхОстатков_Обороты,документ,{},https://1cfresh.com/a/ea/2244652,false,false,false
Document_ВводНачальныхОстатков_ПрочиеРасходыИП,ВводНачальныхОстатков_ПрочиеРасходыИП,Обнаружено сканером,Document_ВводНачальныхОстатков_ПрочиеРасходыИП,документ,{},https://1cfresh.com/a/ea/2244652,false,false,false
Document_ВводНачальныхОстатков_РасходыБудущихПериодов,ВводНачальныхОстатков_РасходыБудущихПериодов,Обнаружено сканером,Document_ВводНачальныхОстатков_РасходыБудущихПериодов,документ,{},https://1cfresh.com/a/ea/2244652,false,false,false
Document_ВводНачальныхОстатков_РасчетыАрендаЛизинг,ВводНачальныхОстатков_РасчетыАрендаЛизинг,Обнаружено сканером,Document_ВводНачальныхОстатков_РасчетыАрендаЛизинг,документ,{},https://1cfresh.com/a/ea/2244652,false,false,false
Document_ВводНачальныхОстатков_РасчетыПоЗаработнойПлате,ВводНачальныхОстатков_РасчетыПоЗаработнойПлате,Обнаружено сканером,Document_ВводНачальныхОстатков_РасчетыПоЗаработнойПлате,документ,{},https://1cfresh.com/a/ea/2244652,false,false,false
Document_ВводНачальныхОстатков_РасчетыПоНалогамИСборам,ВводНачальныхОстатков_РасчетыПоНалогамИСборам,Обнаружено сканером,Document_ВводНачальныхОстатков_РасчетыПоНалогамИСборам,документ,{},https://1cfresh.com/a/ea/2244652,false,false,false
Document_ВводНачальныхОстатков_РасчетыСКонтрагентами,ВводНачальныхОстатков_РасчетыСКонтрагентами,Обнаружено сканером,Document_ВводНачальныхОстатков_РасчетыСКонтрагентами,документ,{},https://1cfresh.com/a/ea/2244652,false,false,false
Document_ВводНачальныхОстатков_РасчетыСПодотчетнымиЛицами,ВводНачальныхОстатков_РасчетыСПодотчетнымиЛицами,Обнаружено сканером,Document_ВводНачальныхОстатков_РасчетыСПодотчетнымиЛицами,документ,{},https://1cfresh.com/a/ea/2244652,false,false,false
Document_ВводНачальныхОстатков_СведенияПрослеживаемости,ВводНачальныхОстатков_СведенияПрослеживаемости,Обнаружено сканером,Document_ВводНачальныхОстатков_СведенияПрослеживаемости,документ,{},https://1cfresh.com/a/ea/2244652,false,false,false
Document_ВводНачальныхОстатков_СпецодеждаИСпецоснасткаВЭксплуатации,ВводНачальныхОстатков_СпецодеждаИСпецоснасткаВЭксплуатации,Обнаружено сканером,Document_ВводНачальныхОстатков_СпецодеждаИСпецоснасткаВЭксплуатации,документ,{},https://1cfresh.com/a/ea/2244652,false,false,false
Document_ВводНачальныхОстатков_СтруктураСтоимостиЗапасов,ВводНачальныхОстатков_СтруктураСтоимостиЗапасов,Обнаружено сканером,Document_ВводНачальныхОстатков_СтруктураСтоимостиЗапасов,документ,{},https://1cfresh.com/a/ea/2244652,false,false,false
Document_ВводНачальныхОстатков_ТоварыВРозничнойТорговлеАТТ,ВводНачальныхОстатков_ТоварыВРозничнойТорговлеАТТ,Обнаружено сканером,Document_ВводНачальныхОстатков_ТоварыВРозничнойТорговлеАТТ,документ,{},https://1cfresh.com/a/ea/2244652,false,false,false
Document_ВводНачальныхОстатков_ТоварыВРозничнойТорговлеНТТ,ВводНачальныхОстатков_ТоварыВРозничнойТорговлеНТТ,Обнаружено сканером,Document_ВводНачальныхОстатков_ТоварыВРозничнойТорговлеНТТ,документ,{},https://1cfresh.com/a/ea/2244652,false,false,false
Document_ВводНачальныхОстатков_Топливо,ВводНачальныхОстатков_Топливо,Обнаружено сканером,Document_ВводНачальныхОстатков_Топливо,документ,{},https://1cfresh.com/a/ea/2244652,false,false,false
Document_ВводНачальныхОстатков_УдалитьМПЗПриобретенные,ВводНачальныхОстатков_УдалитьМПЗПриобретенные,Обнаружено сканером,Document_ВводНачальныхОстатков_УдалитьМПЗПриобретенные,документ,{},https://1cfresh.com/a/ea/2244652,false,false,false
Document_ВводНачальныхОстатков_УслугиУСН,ВводНачальныхОстатков_УслугиУСН,Обнаружено сканером,Document_ВводНачальныхОстатков_УслугиУСН,документ,{},https://1cfresh.com/a/ea/2244652,false,false,false
Document_ВедомостьНаВыплатуЗарплаты,ВедомостьНаВыплатуЗарплаты,Обнаружено сканером,Document_ВедомостьНаВыплатуЗарплаты,документ,{},https://1cfresh.com/a/ea/2244652,false,false,false
Document_ВедомостьНаВыплатуЗарплаты_ДополнительныеРеквизиты,ВедомостьНаВыплатуЗарплаты_ДополнительныеРеквизиты,Обнаружено сканером,Document_ВедомостьНаВыплатуЗарплаты_ДополнительныеРеквизиты,документ,{},https://1cfresh.com/a/ea/2244652,false,false,false
Document_ВедомостьНаВыплатуЗарплаты_Зарплата,ВедомостьНаВыплатуЗарплаты_Зарплата,Обнаружено сканером,Document_ВедомостьНаВыплатуЗарплаты_Зарплата,документ,{},https://1cfresh.com/a/ea/2244652,false,false,false
Document_ВедомостьНаВыплатуЗарплаты_НДФЛ,ВедомостьНаВыплатуЗарплаты_НДФЛ,Обнаружено сканером,Document_ВедомостьНаВыплатуЗарплаты_НДФЛ,документ,{},https://1cfresh.com/a/ea/2244652,false,false,false
Document_ВозвратМатериаловИзЭксплуатации,ВозвратМатериаловИзЭксплуатации,Обнаружено сканером,Document_ВозвратМатериаловИзЭксплуатации,документ,{},https://1cfresh.com/a/ea/2244652,false,false,false
Document_ВозвратМатериаловИзЭксплуатации_Спецодежда,ВозвратМатериаловИзЭксплуатации_Спецодежда,Обнаружено сканером,Document_ВозвратМатериаловИзЭксплуатации_Спецодежда,документ,{},https://1cfresh.com/a/ea/2244652,false,false,false
Document_ВозвратМатериаловИзЭксплуатации_Спецоснастка,ВозвратМатериаловИзЭксплуатации_Спецоснастка,Обнаружено сканером,Document_ВозвратМатериаловИзЭксплуатации_Спецоснастка,документ,{},https://1cfresh.com/a/ea/2244652,false,false,false
Document_ВозвратОСОтАрендатора,ВозвратОСОтАрендатора,Обнаружено сканером,Document_ВозвратОСОтАрендатора,документ,{},https://1cfresh.com/a/ea/2244652,false,false,false
Document_ВозвратОСОтАрендатора_ОС,ВозвратОСОтАрендатора_ОС,Обнаружено сканером,Document_ВозвратОСОтАрендатора_ОС,документ,{},https://1cfresh.com/a/ea/2244652,false,false,false
Document_ВозвратТоваровОтПокупателя_ВозвратнаяТара,ВозвратТоваровОтПокупателя_ВозвратнаяТара,Обнаружено сканером,Document_ВозвратТоваровОтПокупателя_ВозвратнаяТара,документ,{},https://1cfresh.com/a/ea/2244652,false,false,false
Document_ВозвратТоваровОтПокупателя_СведенияПрослеживаемости,ВозвратТоваровОтПокупателя_СведенияПрослеживаемости,Обнаружено сканером,Document_ВозвратТоваровОтПокупателя_СведенияПрослеживаемости,документ,{},https://1cfresh.com/a/ea/2244652,false,false,false
Document_ВозвратТоваровОтПокупателя_Товары,ВозвратТоваровОтПокупателя_Товары,Обнаружено сканером,Document_ВозвратТоваровОтПокупателя_Товары,документ,{},https://1cfresh.com/a/ea/2244652,false,false,false
Document_ВозвратТоваровОтПокупателя_ШтрихкодыУпаковок,ВозвратТоваровОтПокупателя_ШтрихкодыУпаковок,Обнаружено сканером,Document_ВозвратТоваровОтПокупателя_ШтрихкодыУпаковок,документ,{},https://1cfresh.com/a/ea/2244652,false,false,false
Document_ВозвратТоваровОтПокупателя_ШтрихкодыУпаковокДоИзменения,ВозвратТоваровОтПокупателя_ШтрихкодыУпаковокДоИзменения,Обнаружено сканером,Document_ВозвратТоваровОтПокупателя_ШтрихкодыУпаковокДоИзменения,документ,{},https://1cfresh.com/a/ea/2244652,false,false,false
Document_ВозвратТоваровПоставщику_ВозвратнаяТара,ВозвратТоваровПоставщику_ВозвратнаяТара,Обнаружено сканером,Document_ВозвратТоваровПоставщику_ВозвратнаяТара,документ,{},https://1cfresh.com/a/ea/2244652,false,false,false
Document_ВозвратТоваровПоставщику_СведенияПрослеживаемости,ВозвратТоваровПоставщику_СведенияПрослеживаемости,Обнаружено сканером,Document_ВозвратТоваровПоставщику_СведенияПрослеживаемости,документ,{},https://1cfresh.com/a/ea/2244652,false,false,false
Document_ВозвратТоваровПоставщику_Товары,ВозвратТоваровПоставщику_Товары,Обнаружено сканером,Document_ВозвратТоваровПоставщику_Товары,документ,{},https://1cfresh.com/a/ea/2244652,false,false,false
Document_ВосстановлениеНДС,ВосстановлениеНДС,Обнаружено сканером,Document_ВосстановлениеНДС,документ,{},https://1cfresh.com/a/ea/2244652,false,false,false
Document_ВосстановлениеНДС_Состав,ВосстановлениеНДС_Состав,Обнаружено сканером,Document_ВосстановлениеНДС_Состав,документ,{},https://1cfresh.com/a/ea/2244652,false,false,false
Document_ВосстановлениеНДСПоОбъектамНедвижимости,ВосстановлениеНДСПоОбъектамНедвижимости,Обнаружено сканером,Document_ВосстановлениеНДСПоОбъектамНедвижимости,документ,{},https://1cfresh.com/a/ea/2244652,false,false,false
Document_ВосстановлениеНДСПоОбъектамНедвижимости_ОбъектыНедвижимости,ВосстановлениеНДСПоОбъектамНедвижимости_ОбъектыНедвижимости,Обнаружено сканером,Document_ВосстановлениеНДСПоОбъектамНедвижимости_ОбъектыНедвижимости,документ,{},https://1cfresh.com/a/ea/2244652,false,false,false
Document_ВосстановлениеНДСПоОбъектамНедвижимости_СчетаФактуры,ВосстановлениеНДСПоОбъектамНедвижимости_СчетаФактуры,Обнаружено сканером,Document_ВосстановлениеНДСПоОбъектамНедвижимости_СчетаФактуры,документ,{},https://1cfresh.com/a/ea/2244652,false,false,false
Document_ВходящийДокументСЭДОФСС,ВходящийДокументСЭДОФСС,Обнаружено сканером,Document_ВходящийДокументСЭДОФСС,документ,{},https://1cfresh.com/a/ea/2244652,false,false,false
Document_ВходящийДокументСЭДОФСС_ЗапрашиваемыеДокументы,ВходящийДокументСЭДОФСС_ЗапрашиваемыеДокументы,Обнаружено сканером,Document_ВходящийДокументСЭДОФСС_ЗапрашиваемыеДокументы,документ,{},https://1cfresh.com/a/ea/2244652,false,false,false
Document_ВходящийДокументСЭДОФСС_ОшибкиЛогическогоКонтроля,ВходящийДокументСЭДОФСС_ОшибкиЛогическогоКонтроля,Обнаружено сканером,Document_ВходящийДокументСЭДОФСС_ОшибкиЛогическогоКонтроля,документ,{},https://1cfresh.com/a/ea/2244652,false,false,false
Document_ВходящийДокументСЭДОФСС_УведомленияОПриемеОтказе,ВходящийДокументСЭДОФСС_УведомленияОПриемеОтказе,Обнаружено сканером,Document_ВходящийДокументСЭДОФСС_УведомленияОПриемеОтказе,документ,{},https://1cfresh.com/a/ea/2244652,false,false,false
Document_ВходящийДокументСЭДОФСС_ФайлыПриложений,ВходящийДокументСЭДОФСС_ФайлыПриложений,Обнаружено сканером,Document_ВходящийДокументСЭДОФСС_ФайлыПриложений,документ,{},https://1cfresh.com/a/ea/2244652,false,false,false
Document_ВыгрузкаРегламентированныхОтчетов,ВыгрузкаРегламентированныхОтчетов,Обнаружено сканером,Document_ВыгрузкаРегламентированныхОтчетов,документ,{},https://1cfresh.com/a/ea/2244652,false,false,false
Document_ВыгрузкаРегламентированныхОтчетов_Выгрузки,ВыгрузкаРегламентированныхОтчетов_Выгрузки,Обнаружено сканером,Document_ВыгрузкаРегламентированныхОтчетов_Выгрузки,документ,{},https://1cfresh.com/a/ea/2244652,false,false,false
Document_ВыгрузкаРегламентированныхОтчетов_Основная,ВыгрузкаРегламентированныхОтчетов_Основная,Обнаружено сканером,Document_ВыгрузкаРегламентированныхОтчетов_Основная,документ,{},https://1cfresh.com/a/ea/2244652,false,false,false
Document_ВыдачаДенежныхДокументов,ВыдачаДенежныхДокументов,Обнаружено сканером,Document_ВыдачаДенежныхДокументов,документ,{},https://1cfresh.com/a/ea/2244652,false,false,false
Document_ВыдачаДенежныхДокументов_ДенежныеДокументы,ВыдачаДенежныхДокументов_ДенежныеДокументы,Обнаружено сканером,Document_ВыдачаДенежныхДокументов_ДенежныеДокументы,документ,{},https://1cfresh.com/a/ea/2244652,false,false,false
Document_ВыкупПредметовЛизинга,ВыкупПредметовЛизинга,Обнаружено сканером,Document_ВыкупПредметовЛизинга,документ,{},https://1cfresh.com/a/ea/2244652,false,false,false
Document_ВыкупПредметовЛизинга_ЗачетАвансов,ВыкупПредметовЛизинга_ЗачетАвансов,Обнаружено сканером,Document_ВыкупПредметовЛизинга_ЗачетАвансов,документ,{},https://1cfresh.com/a/ea/2244652,false,false,false
Document_ВыкупПредметовЛизинга_ОС,ВыкупПредметовЛизинга_ОС,Обнаружено сканером,Document_ВыкупПредметовЛизинга_ОС,документ,{},https://1cfresh.com/a/ea/2244652,false,false,false
Document_ВыкупПредметовЛизинга_Оплата,ВыкупПредметовЛизинга_Оплата,Обнаружено сканером,Document_ВыкупПредметовЛизинга_Оплата,документ,{},https://1cfresh.com/a/ea/2244652,false,false,false
Document_ВыплатыСамозанятым,ВыплатыСамозанятым,Обнаружено сканером,Document_ВыплатыСамозанятым,документ,{},https://1cfresh.com/a/ea/2244652,false,false,false
Document_ВыплатыСамозанятым_Выплаты,ВыплатыСамозанятым_Выплаты,Обнаружено сканером,Document_ВыплатыСамозанятым_Выплаты,документ,{},https://1cfresh.com/a/ea/2244652,false,false,false
Document_ВыплатыСамозанятым_УдалитьДанныеРеестраЧеков,ВыплатыСамозанятым_УдалитьДанныеРеестраЧеков,Обнаружено сканером,Document_ВыплатыСамозанятым_УдалитьДанныеРеестраЧеков,документ,{},https://1cfresh.com/a/ea/2244652,false,false,false
Document_ВыработкаМатериалов,ВыработкаМатериалов,Обнаружено сканером,Document_ВыработкаМатериалов,документ,{},https://1cfresh.com/a/ea/2244652,false,false,false
Document_ВыработкаМатериалов_Материалы,ВыработкаМатериалов_Материалы,Обнаружено сканером,Document_ВыработкаМатериалов_Материалы,документ,{},https://1cfresh.com/a/ea/2244652,false,false,false
Document_ВыработкаНМА,ВыработкаНМА,Обнаружено сканером,Document_ВыработкаНМА,документ,{},https://1cfresh.com/a/ea/2244652,false,false,false
Document_ВыработкаНМА_НМА,ВыработкаНМА_НМА,Обнаружено сканером,Document_ВыработкаНМА_НМА,документ,{},https://1cfresh.com/a/ea/2244652,false,false,false
Document_ВыработкаОС,ВыработкаОС,Обнаружено сканером,Document_ВыработкаОС,документ,{},https://1cfresh.com/a/ea/2244652,false,false,false
Document_ВыработкаОС_ОС,ВыработкаОС_ОС,Обнаружено сканером,Document_ВыработкаОС_ОС,документ,{},https://1cfresh.com/a/ea/2244652,false,false,false
Document_ГТДИмпорт,ГТДИмпорт,Обнаружено сканером,Document_ГТДИмпорт,документ,{},https://1cfresh.com/a/ea/2244652,false,false,false
Document_ГТДИмпорт_ЗачетАвансов,ГТДИмпорт_ЗачетАвансов,Обнаружено сканером,Document_ГТДИмпорт_ЗачетАвансов,документ,{},https://1cfresh.com/a/ea/2244652,false,false,false
Document_ГТДИмпорт_Разделы,ГТДИмпорт_Разделы,Обнаружено сканером,Document_ГТДИмпорт_Разделы,документ,{},https://1cfresh.com/a/ea/2244652,false,false,false
Document_ГТДИмпорт_Товары,ГТДИмпорт_Товары,Обнаружено сканером,Document_ГТДИмпорт_Товары,документ,{},https://1cfresh.com/a/ea/2244652,false,false,false
Document_ДепонированиеЗарплаты,ДепонированиеЗарплаты,Обнаружено сканером,Document_ДепонированиеЗарплаты,документ,{},https://1cfresh.com/a/ea/2244652,false,false,false
Document_ДепонированиеЗарплаты_Депоненты,ДепонированиеЗарплаты_Депоненты,Обнаружено сканером,Document_ДепонированиеЗарплаты_Депоненты,документ,{},https://1cfresh.com/a/ea/2244652,false,false,false
Document_ДепонированиеЗарплаты_ДополнительныеРеквизиты,ДепонированиеЗарплаты_ДополнительныеРеквизиты,Обнаружено сканером,Document_ДепонированиеЗарплаты_ДополнительныеРеквизиты,документ,{},https://1cfresh.com/a/ea/2244652,false,false,false
Document_ДокументРасчетовСКонтрагентом,ДокументРасчетовСКонтрагентом,Обнаружено сканером,Document_ДокументРасчетовСКонтрагентом,документ,{},https://1cfresh.com/a/ea/2244652,false,false,false
Document_ДопЛистКнигиПокупокДляПередачиВЭлектронномВиде,ДопЛистКнигиПокупокДляПередачиВЭлектронномВиде,Обнаружено сканером,Document_ДопЛистКнигиПокупокДляПередачиВЭлектронномВиде,документ,{},https://1cfresh.com/a/ea/2244652,false,false,false
Document_ДопЛистКнигиПокупокДляПередачиВЭлектронномВиде_ТабличнаяЧасть,ДопЛистКнигиПокупокДляПередачиВЭлектронномВиде_ТабличнаяЧасть,Обнаружено сканером,Document_ДопЛистКнигиПокупокДляПередачиВЭлектронномВиде_ТабличнаяЧасть,документ,{},https://1cfresh.com/a/ea/2244652,false,false,false
Document_ДопЛистКнигиПродажДляПередачиВЭлектронномВиде,ДопЛистКнигиПродажДляПередачиВЭлектронномВиде,Обнаружено сканером,Document_ДопЛистКнигиПродажДляПередачиВЭлектронномВиде,документ,{},https://1cfresh.com/a/ea/2244652,false,false,false
Document_ДопЛистКнигиПродажДляПередачиВЭлектронномВиде_ТабличнаяЧасть,ДопЛистКнигиПродажДляПередачиВЭлектронномВиде_ТабличнаяЧасть,Обнаружено сканером,Document_ДопЛистКнигиПродажДляПередачиВЭлектронномВиде_ТабличнаяЧасть,документ,{},https://1cfresh.com/a/ea/2244652,false,false,false
Document_ЖурналУчетаСчетовФактурДляПередачиВЭлектронномВиде,ЖурналУчетаСчетовФактурДляПередачиВЭлектронномВиде,Обнаружено сканером,Document_ЖурналУчетаСчетовФактурДляПередачиВЭлектронномВиде,документ,{},https://1cfresh.com/a/ea/2244652,false,false,false
Document_ЖурналУчетаСчетовФактурДляПередачиВЭлектронномВиде_ВыставленныеСчетаФактуры,ЖурналУчетаСчетовФактурДляПередачиВЭлектронномВиде_ВыставленныеСчетаФактуры,Обнаружено сканером,Document_ЖурналУчетаСчетовФактурДляПередачиВЭлектронномВиде_ВыставленныеСчетаФактуры,документ,{},https://1cfresh.com/a/ea/2244652,false,false,false
Document_ЖурналУчетаСчетовФактурДляПередачиВЭлектронномВиде_ПолученныеСчетаФактуры,ЖурналУчетаСчетовФактурДляПередачиВЭлектронномВиде_ПолученныеСчетаФактуры,Обнаружено сканером,Document_ЖурналУчетаСчетовФактурДляПередачиВЭлектронномВиде_ПолученныеСчетаФактуры,документ,{},https://1cfresh.com/a/ea/2244652,false,false,false
Document_ЗапросНаВыпискуИзЕГРЮЛ_ЕГРИП,ЗапросНаВыпискуИзЕГРЮЛ_ЕГРИП,Обнаружено сканером,Document_ЗапросНаВыпискуИзЕГРЮЛ_ЕГРИП,документ,{},https://1cfresh.com/a/ea/2244652,false,false,false
Document_ЗапросНаИнформационноеОбслуживаниеНалогоплательщика,ЗапросНаИнформационноеОбслуживаниеНалогоплательщика,Обнаружено сканером,Document_ЗапросНаИнформационноеОбслуживаниеНалогоплательщика,документ,{},https://1cfresh.com/a/ea/2244652,false,false,false
Document_ЗапросНаИнформационноеОбслуживаниеНалогоплательщика_ЗапрашиваемыеНалоги,ЗапросНаИнформационноеОбслуживаниеНалогоплательщика_ЗапрашиваемыеНалоги,Обнаружено сканером,Document_ЗапросНаИнформационноеОбслуживаниеНалогоплательщика_ЗапрашиваемыеНалоги,документ,{},https://1cfresh.com/a/ea/2244652,false,false,false
Document_ЗапросНаИнформационноеОбслуживаниеНалогоплательщика_ПереченьКПП,ЗапросНаИнформационноеОбслуживаниеНалогоплательщика_ПереченьКПП,Обнаружено сканером,Document_ЗапросНаИнформационноеОбслуживаниеНалогоплательщика_ПереченьКПП,документ,{},https://1cfresh.com/a/ea/2244652,false,false,false
Document_ЗапросНаИнформационноеОбслуживаниеНалогоплательщика_ПереченьОКТМО,ЗапросНаИнформационноеОбслуживаниеНалогоплательщика_ПереченьОКТМО,Обнаружено сканером,Document_ЗапросНаИнформационноеОбслуживаниеНалогоплательщика_ПереченьОКТМО,документ,{},https://1cfresh.com/a/ea/2244652,false,false,false
Document_ЗапросНаИнформационноеОбслуживаниеСтрахователя,ЗапросНаИнформационноеОбслуживаниеСтрахователя,Обнаружено сканером,Document_ЗапросНаИнформационноеОбслуживаниеСтрахователя,документ,{},https://1cfresh.com/a/ea/2244652,false,false,false
Document_ЗапросНаИнформационноеОбслуживаниеСтрахователя_ЗастрахованныеЛица,ЗапросНаИнформационноеОбслуживаниеСтрахователя_ЗастрахованныеЛица,Обнаружено сканером,Document_ЗапросНаИнформационноеОбслуживаниеСтрахователя_ЗастрахованныеЛица,документ,{},https://1cfresh.com/a/ea/2244652,false,false,false
Document_ЗаявкаИзменениеЛичныхДанныхКабинетСотрудника,ЗаявкаИзменениеЛичныхДанныхКабинетСотрудника,Обнаружено сканером,Document_ЗаявкаИзменениеЛичныхДанныхКабинетСотрудника,документ,{},https://1cfresh.com/a/ea/2244652,false,false,false
Document_ЗаявкаИзменениеЛичныхДанныхКабинетСотрудника_ДополнительныеРеквизиты,ЗаявкаИзменениеЛичныхДанныхКабинетСотрудника_ДополнительныеРеквизиты,Обнаружено сканером,Document_ЗаявкаИзменениеЛичныхДанныхКабинетСотрудника_ДополнительныеРеквизиты,документ,{},https://1cfresh.com/a/ea/2244652,false,false,false
Document_ЗаявкаНалоговыеВычетыКабинетСотрудника,ЗаявкаНалоговыеВычетыКабинетСотрудника,Обнаружено сканером,Document_ЗаявкаНалоговыеВычетыКабинетСотрудника,документ,{},https://1cfresh.com/a/ea/2244652,false,false,false
Document_ЗаявкаНалоговыеВычетыКабинетСотрудника_ДанныеВычетовНаДетей,ЗаявкаНалоговыеВычетыКабинетСотрудника_ДанныеВычетовНаДетей,Обнаружено сканером,Document_ЗаявкаНалоговыеВычетыКабинетСотрудника_ДанныеВычетовНаДетей,документ,{},https://1cfresh.com/a/ea/2244652,false,false,false
Document_ЗаявкаНалоговыеВычетыКабинетСотрудника_ДокументыПоЗаявке,ЗаявкаНалоговыеВычетыКабинетСотрудника_ДокументыПоЗаявке,Обнаружено сканером,Document_ЗаявкаНалоговыеВычетыКабинетСотрудника_ДокументыПоЗаявке,документ,{},https://1cfresh.com/a/ea/2244652,false,false,false
Document_ЗаявкаНалоговыеВычетыКабинетСотрудника_ДополнительныеРеквизиты,ЗаявкаНалоговыеВычетыКабинетСотрудника_ДополнительныеРеквизиты,Обнаружено сканером,Document_ЗаявкаНалоговыеВычетыКабинетСотрудника_ДополнительныеРеквизиты,документ,{},https://1cfresh.com/a/ea/2244652,false,false,false
Document_ЗаявкаОтпускБезОплатыКабинетСотрудника,ЗаявкаОтпускБезОплатыКабинетСотрудника,Обнаружено сканером,Document_ЗаявкаОтпускБезОплатыКабинетСотрудника,документ,{},https://1cfresh.com/a/ea/2244652,false,false,false
Document_ЗаявкаОтпускБезОплатыКабинетСотрудника_ДокументыПоЗаявке,ЗаявкаОтпускБезОплатыКабинетСотрудника_ДокументыПоЗаявке,Обнаружено сканером,Document_ЗаявкаОтпускБезОплатыКабинетСотрудника_ДокументыПоЗаявке,документ,{},https://1cfresh.com/a/ea/2244652,false,false,false
Document_ЗаявкаОтпускБезОплатыКабинетСотрудника_ДополнительныеРеквизиты,ЗаявкаОтпускБезОплатыКабинетСотрудника_ДополнительныеРеквизиты,Обнаружено сканером,Document_ЗаявкаОтпускБезОплатыКабинетСотрудника_ДополнительныеРеквизиты,документ,{},https://1cfresh.com/a/ea/2244652,false,false,false
Document_ЗаявкаОтпускКабинетСотрудника,ЗаявкаОтпускКабинетСотрудника,Обнаружено сканером,Document_ЗаявкаОтпускКабинетСотрудника,документ,{},https://1cfresh.com/a/ea/2244652,false,false,false
Document_ЗаявкаОтпускКабинетСотрудника_ДанныеПоВидамОтпусков,ЗаявкаОтпускКабинетСотрудника_ДанныеПоВидамОтпусков,Обнаружено сканером,Document_ЗаявкаОтпускКабинетСотрудника_ДанныеПоВидамОтпусков,документ,{},https://1cfresh.com/a/ea/2244652,false,false,false
Document_ЗаявкаОтпускКабинетСотрудника_ДокументыПоЗаявке,ЗаявкаОтпускКабинетСотрудника_ДокументыПоЗаявке,Обнаружено сканером,Document_ЗаявкаОтпускКабинетСотрудника_ДокументыПоЗаявке,документ,{},https://1cfresh.com/a/ea/2244652,false,false,false
Document_ЗаявкаОтпускКабинетСотрудника_ДополнительныеРеквизиты,ЗаявкаОтпускКабинетСотрудника_ДополнительныеРеквизиты,Обнаружено сканером,Document_ЗаявкаОтпускКабинетСотрудника_ДополнительныеРеквизиты,документ,{},https://1cfresh.com/a/ea/2244652,false,false,false
Document_ЗаявкаОтсутствиеКабинетСотрудника,ЗаявкаОтсутствиеКабинетСотрудника,Обнаружено сканером,Document_ЗаявкаОтсутствиеКабинетСотрудника,документ,{},https://1cfresh.com/a/ea/2244652,false,false,false
Document_ЗаявкаОтсутствиеКабинетСотрудника_ДокументыПоЗаявке,ЗаявкаОтсутствиеКабинетСотрудника_ДокументыПоЗаявке,Обнаружено сканером,Document_ЗаявкаОтсутствиеКабинетСотрудника_ДокументыПоЗаявке,документ,{},https://1cfresh.com/a/ea/2244652,false,false,false
Document_ЗаявкаОтсутствиеКабинетСотрудника_ДополнительныеРеквизиты,ЗаявкаОтсутствиеКабинетСотрудника_ДополнительныеРеквизиты,Обнаружено сканером,Document_ЗаявкаОтсутствиеКабинетСотрудника_ДополнительныеРеквизиты,документ,{},https://1cfresh.com/a/ea/2244652,false,false,false
Document_ЗаявкаПрежняяВерсияКабинетСотрудника,ЗаявкаПрежняяВерсияКабинетСотрудника,Обнаружено сканером,Document_ЗаявкаПрежняяВерсияКабинетСотрудника,документ,{},https://1cfresh.com/a/ea/2244652,false,false,false
Document_ЗаявкаСоциальноеПособиеКабинетСотрудника,ЗаявкаСоциальноеПособиеКабинетСотрудника,Обнаружено сканером,Document_ЗаявкаСоциальноеПособиеКабинетСотрудника,документ,{},https://1cfresh.com/a/ea/2244652,false,false,false
Document_ЗаявкаСоциальноеПособиеКабинетСотрудника_ДокументыПоЗаявке,ЗаявкаСоциальноеПособиеКабинетСотрудника_ДокументыПоЗаявке,Обнаружено сканером,Document_ЗаявкаСоциальноеПособиеКабинетСотрудника_ДокументыПоЗаявке,документ,{},https://1cfresh.com/a/ea/2244652,false,false,false
Document_ЗаявкаСоциальноеПособиеКабинетСотрудника_ДополнительныеРеквизиты,ЗаявкаСоциальноеПособиеКабинетСотрудника_ДополнительныеРеквизиты,Обнаружено сканером,Document_ЗаявкаСоциальноеПособиеКабинетСотрудника_ДополнительныеРеквизиты,документ,{},https://1cfresh.com/a/ea/2244652,false,false,false
Document_ЗаявкаСправка2НДФЛКабинетСотрудника,ЗаявкаСправка2НДФЛКабинетСотрудника,Обнаружено сканером,Document_ЗаявкаСправка2НДФЛКабинетСотрудника,документ,{},https://1cfresh.com/a/ea/2244652,false,false,false
Document_ЗаявкаСправка2НДФЛКабинетСотрудника_ДокументыПоЗаявке,ЗаявкаСправка2НДФЛКабинетСотрудника_ДокументыПоЗаявке,Обнаружено сканером,Document_ЗаявкаСправка2НДФЛКабинетСотрудника_ДокументыПоЗаявке,документ,{},https://1cfresh.com/a/ea/2244652,false,false,false
Document_ЗаявкаСправка2НДФЛКабинетСотрудника_ДополнительныеРеквизиты,ЗаявкаСправка2НДФЛКабинетСотрудника_ДополнительныеРеквизиты,Обнаружено сканером,Document_ЗаявкаСправка2НДФЛКабинетСотрудника_ДополнительныеРеквизиты,документ,{},https://1cfresh.com/a/ea/2244652,false,false,false
Document_ЗаявлениеАбонентаСпецоператораСвязи,ЗаявлениеАбонентаСпецоператораСвязи,Обнаружено сканером,Document_ЗаявлениеАбонентаСпецоператораСвязи,документ,{},https://1cfresh.com/a/ea/2244652,false,false,false
Document_ЗаявлениеАбонентаСпецоператораСвязи_ИзменившиесяРеквизитыВторичногоЗаявления,ЗаявлениеАбонентаСпецоператораСвязи_ИзменившиесяРеквизитыВторичногоЗаявления,Обнаружено сканером,Document_ЗаявлениеАбонентаСпецоператораСвязи_ИзменившиесяРеквизитыВторичногоЗаявления,документ,{},https://1cfresh.com/a/ea/2244652,false,false,false
Document_ЗаявлениеАбонентаСпецоператораСвязи_ПараметрыПодключенияОблачнойПодписи,ЗаявлениеАбонентаСпецоператораСвязи_ПараметрыПодключенияОблачнойПодписи,Обнаружено сканером,Document_ЗаявлениеАбонентаСпецоператораСвязи_ПараметрыПодключенияОблачнойПодписи,документ,{},https://1cfresh.com/a/ea/2244652,false,false,false
Document_ЗаявлениеАбонентаСпецоператораСвязи_Получатели,ЗаявлениеАбонентаСпецоператораСвязи_Получатели,Обнаружено сканером,Document_ЗаявлениеАбонентаСпецоператораСвязи_Получатели,документ,{},https://1cfresh.com/a/ea/2244652,false,false,false
Document_ЗаявлениеАбонентаСпецоператораСвязи_ПользователиУчетнойЗаписи,ЗаявлениеАбонентаСпецоператораСвязи_ПользователиУчетнойЗаписи,Обнаружено сканером,Document_ЗаявлениеАбонентаСпецоператораСвязи_ПользователиУчетнойЗаписи,документ,{},https://1cfresh.com/a/ea/2244652,false,false,false
Document_ЗаявлениеАбонентаСпецоператораСвязи_ФлагиЗаявленияНаИзменение,ЗаявлениеАбонентаСпецоператораСвязи_ФлагиЗаявленияНаИзменение,Обнаружено сканером,Document_ЗаявлениеАбонентаСпецоператораСвязи_ФлагиЗаявленияНаИзменение,документ,{},https://1cfresh.com/a/ea/2244652,false,false,false
Document_ЗаявлениеАбонентаСпецоператораСвязи_ЭлектронныеДокументы,ЗаявлениеАбонентаСпецоператораСвязи_ЭлектронныеДокументы,Обнаружено сканером,Document_ЗаявлениеАбонентаСпецоператораСвязи_ЭлектронныеДокументы,документ,{},https://1cfresh.com/a/ea/2244652,false,false,false
Document_ЗаявлениеВПроизвольнойФормеКабинетСотрудника,ЗаявлениеВПроизвольнойФормеКабинетСотрудника,Обнаружено сканером,Document_ЗаявлениеВПроизвольнойФормеКабинетСотрудника,документ,{},https://1cfresh.com/a/ea/2244652,false,false,false
Document_ЗаявлениеВПроизвольнойФормеКабинетСотрудника_ДополнительныеРеквизиты,ЗаявлениеВПроизвольнойФормеКабинетСотрудника_ДополнительныеРеквизиты,Обнаружено сканером,Document_ЗаявлениеВПроизвольнойФормеКабинетСотрудника_ДополнительныеРеквизиты,документ,{},https://1cfresh.com/a/ea/2244652,false,false,false
Document_ЗаявлениеНаФормированиеСправкиОРасчетах,ЗаявлениеНаФормированиеСправкиОРасчетах,Обнаружено сканером,Document_ЗаявлениеНаФормированиеСправкиОРасчетах,документ,{},https://1cfresh.com/a/ea/2244652,false,false,false
Document_ЗаявлениеОВвозеТоваров,ЗаявлениеОВвозеТоваров,Обнаружено сканером,Document_ЗаявлениеОВвозеТоваров,документ,{},https://1cfresh.com/a/ea/2244652,false,false,false
Document_ЗаявлениеОВвозеТоваров_ВыпискиБанка,ЗаявлениеОВвозеТоваров_ВыпискиБанка,Обнаружено сканером,Document_ЗаявлениеОВвозеТоваров_ВыпискиБанка,документ,{},https://1cfresh.com/a/ea/2244652,false,false,false
Document_ЗаявлениеОВвозеТоваров_СведенияОДокументах,ЗаявлениеОВвозеТоваров_СведенияОДокументах,Обнаружено сканером,Document_ЗаявлениеОВвозеТоваров_СведенияОДокументах,документ,{},https://1cfresh.com/a/ea/2244652,false,false,false
Document_ЗаявлениеОВвозеТоваров_СведенияОЗачете,ЗаявлениеОВвозеТоваров_СведенияОЗачете,Обнаружено сканером,Document_ЗаявлениеОВвозеТоваров_СведенияОЗачете,документ,{},https://1cfresh.com/a/ea/2244652,false,false,false
Document_ЗаявлениеОВвозеТоваров_СведенияПрослеживаемости,ЗаявлениеОВвозеТоваров_СведенияПрослеживаемости,Обнаружено сканером,Document_ЗаявлениеОВвозеТоваров_СведенияПрослеживаемости,документ,{},https://1cfresh.com/a/ea/2244652,false,false,false
Document_ЗаявлениеОВвозеТоваров_Спецификации,ЗаявлениеОВвозеТоваров_Спецификации,Обнаружено сканером,Document_ЗаявлениеОВвозеТоваров_Спецификации,документ,{},https://1cfresh.com/a/ea/2244652,false,false,false
Document_ЗаявлениеОВвозеТоваров_Товары,ЗаявлениеОВвозеТоваров_Товары,Обнаружено сканером,Document_ЗаявлениеОВвозеТоваров_Товары,документ,{},https://1cfresh.com/a/ea/2244652,false,false,false
Document_ЗаявлениеОВвозеТоваров_УчастникиСделки,ЗаявлениеОВвозеТоваров_УчастникиСделки,Обнаружено сканером,Document_ЗаявлениеОВвозеТоваров_УчастникиСделки,документ,{},https://1cfresh.com/a/ea/2244652,false,false,false
Document_ЗаявлениеОЗачетеВСчетПредстоящейОбязанности,ЗаявлениеОЗачетеВСчетПредстоящейОбязанности,Обнаружено сканером,Document_ЗаявлениеОЗачетеВСчетПредстоящейОбязанности,документ,{},https://1cfresh.com/a/ea/2244652,false,false,false
Document_ЗаявлениеОЗачетеВСчетПредстоящейОбязанности_Налоги,ЗаявлениеОЗачетеВСчетПредстоящейОбязанности_Налоги,Обнаружено сканером,Document_ЗаявлениеОЗачетеВСчетПредстоящейОбязанности_Налоги,документ,{},https://1cfresh.com/a/ea/2244652,false,false,false
Document_ЗаявлениеОСпособеВыплатыЗарплатыКабинетСотрудника,ЗаявлениеОСпособеВыплатыЗарплатыКабинетСотрудника,Обнаружено сканером,Document_ЗаявлениеОСпособеВыплатыЗарплатыКабинетСотрудника,документ,{},https://1cfresh.com/a/ea/2244652,false,false,false
Document_ЗаявлениеОСпособеВыплатыЗарплатыКабинетСотрудника_ДополнительныеРеквизиты,ЗаявлениеОСпособеВыплатыЗарплатыКабинетСотрудника_ДополнительныеРеквизиты,Обнаружено сканером,Document_ЗаявлениеОСпособеВыплатыЗарплатыКабинетСотрудника_ДополнительныеРеквизиты,документ,{},https://1cfresh.com/a/ea/2244652,false,false,false
Document_ЗаявленияПоЭлДокументооборотуСПФР,ЗаявленияПоЭлДокументооборотуСПФР,Обнаружено сканером,Document_ЗаявленияПоЭлДокументооборотуСПФР,документ,{},https://1cfresh.com/a/ea/2244652,false,false,false
Document_ИзменениеГрафиковАмортизацииОС,ИзменениеГрафиковАмортизацииОС,Обнаружено сканером,Document_ИзменениеГрафиковАмортизацииОС,документ,{},https://1cfresh.com/a/ea/2244652,false,false,false
Document_ИзменениеГрафиковАмортизацииОС_ОС,ИзменениеГрафиковАмортизацииОС_ОС,Обнаружено сканером,Document_ИзменениеГрафиковАмортизацииОС_ОС,документ,{},https://1cfresh.com/a/ea/2244652,false,false,false
Document_ИзменениеОтраженияРасходовПоАренднымПлатежамОС,ИзменениеОтраженияРасходовПоАренднымПлатежамОС,Обнаружено сканером,Document_ИзменениеОтраженияРасходовПоАренднымПлатежамОС,документ,{},https://1cfresh.com/a/ea/2244652,false,false,false
Document_ИзменениеОтраженияРасходовПоАренднымПлатежамОС_ОС,ИзменениеОтраженияРасходовПоАренднымПлатежамОС_ОС,Обнаружено сканером,Document_ИзменениеОтраженияРасходовПоАренднымПлатежамОС_ОС,документ,{},https://1cfresh.com/a/ea/2244652,false,false,false
Document_ИзменениеПараметровНачисленияАмортизацииОС,ИзменениеПараметровНачисленияАмортизацииОС,Обнаружено сканером,Document_ИзменениеПараметровНачисленияАмортизацииОС,документ,{},https://1cfresh.com/a/ea/2244652,false,false,false
Document_ИзменениеПараметровНачисленияАмортизацииОС_КомпонентыАмортизации,ИзменениеПараметровНачисленияАмортизацииОС_КомпонентыАмортизации,Обнаружено сканером,Document_ИзменениеПараметровНачисленияАмортизацииОС_КомпонентыАмортизации,документ,{},https://1cfresh.com/a/ea/2244652,false,false,false
Document_ИзменениеПараметровНачисленияАмортизацииОС_ОС,ИзменениеПараметровНачисленияАмортизацииОС_ОС,Обнаружено сканером,Document_ИзменениеПараметровНачисленияАмортизацииОС_ОС,документ,{},https://1cfresh.com/a/ea/2244652,false,false,false
Document_ИзменениеСостоянияОС,ИзменениеСостоянияОС,Обнаружено сканером,Document_ИзменениеСостоянияОС,документ,{},https://1cfresh.com/a/ea/2244652,false,false,false
Document_ИзменениеСостоянияОС_ОС,ИзменениеСостоянияОС_ОС,Обнаружено сканером,Document_ИзменениеСостоянияОС_ОС,документ,{},https://1cfresh.com/a/ea/2244652,false,false,false
Document_ИзменениеСпециальногоКоэффициентаНМА,ИзменениеСпециальногоКоэффициентаНМА,Обнаружено сканером,Document_ИзменениеСпециальногоКоэффициентаНМА,документ,{},https://1cfresh.com/a/ea/2244652,false,false,false
Document_ИзменениеСпециальногоКоэффициентаНМА_НМА,ИзменениеСпециальногоКоэффициентаНМА_НМА,Обнаружено сканером,Document_ИзменениеСпециальногоКоэффициентаНМА_НМА,документ,{},https://1cfresh.com/a/ea/2244652,false,false,false
Document_ИзменениеСпециальногоКоэффициентаОС,ИзменениеСпециальногоКоэффициентаОС,Обнаружено сканером,Document_ИзменениеСпециальногоКоэффициентаОС,документ,{},https://1cfresh.com/a/ea/2244652,false,false,false
Document_ИзменениеСпециальногоКоэффициентаОС_ОС,ИзменениеСпециальногоКоэффициентаОС_ОС,Обнаружено сканером,Document_ИзменениеСпециальногоКоэффициентаОС_ОС,документ,{},https://1cfresh.com/a/ea/2244652,false,false,false
Document_ИзменениеСпособовОтраженияРасходовПоАмортизацииНМА,ИзменениеСпособовОтраженияРасходовПоАмортизацииНМА,Обнаружено сканером,Document_ИзменениеСпособовОтраженияРасходовПоАмортизацииНМА,документ,{},https://1cfresh.com/a/ea/2244652,false,false,false
Document_ИзменениеСпособовОтраженияРасходовПоАмортизацииНМА_НМА,ИзменениеСпособовОтраженияРасходовПоАмортизацииНМА_НМА,Обнаружено сканером,Document_ИзменениеСпособовОтраженияРасходовПоАмортизацииНМА_НМА,документ,{},https://1cfresh.com/a/ea/2244652,false,false,false
Document_ИзменениеСпособовОтраженияРасходовПоАмортизацииОС,ИзменениеСпособовОтраженияРасходовПоАмортизацииОС,Обнаружено сканером,Document_ИзменениеСпособовОтраженияРасходовПоАмортизацииОС,документ,{},https://1cfresh.com/a/ea/2244652,false,false,false
Document_ИзменениеСпособовОтраженияРасходовПоАмортизацииОС_ОС,ИзменениеСпособовОтраженияРасходовПоАмортизацииОС_ОС,Обнаружено сканером,Document_ИзменениеСпособовОтраженияРасходовПоАмортизацииОС_ОС,документ,{},https://1cfresh.com/a/ea/2244652,false,false,false
Document_ИзменениеУсловийАренды,ИзменениеУсловийАренды,Обнаружено сканером,Document_ИзменениеУсловийАренды,документ,{},https://1cfresh.com/a/ea/2244652,false,false,false
Document_ИзменениеУсловийАренды_ГрафикПлатежей,ИзменениеУсловийАренды_ГрафикПлатежей,Обнаружено сканером,Document_ИзменениеУсловийАренды_ГрафикПлатежей,документ,{},https://1cfresh.com/a/ea/2244652,false,false,false
Document_ИзменениеУсловийАренды_ПредметыАренды,ИзменениеУсловийАренды_ПредметыАренды,Обнаружено сканером,Document_ИзменениеУсловийАренды_ПредметыАренды,документ,{},https://1cfresh.com/a/ea/2244652,false,false,false
Document_ИнвентаризацияКассы,ИнвентаризацияКассы,Обнаружено сканером,Document_ИнвентаризацияКассы,документ,{},https://1cfresh.com/a/ea/2244652,false,false,false
Document_ИнвентаризацияКассы_ИнвентаризационнаяКомиссия,ИнвентаризацияКассы_ИнвентаризационнаяКомиссия,Обнаружено сканером,Document_ИнвентаризацияКассы_ИнвентаризационнаяКомиссия,документ,{},https://1cfresh.com/a/ea/2244652,false,false,false
Document_ИнвентаризацияКассы_Ценности,ИнвентаризацияКассы_Ценности,Обнаружено сканером,Document_ИнвентаризацияКассы_Ценности,документ,{},https://1cfresh.com/a/ea/2244652,false,false,false
Document_ИнвентаризацияНЗП,ИнвентаризацияНЗП,Обнаружено сканером,Document_ИнвентаризацияНЗП,документ,{},https://1cfresh.com/a/ea/2244652,false,false,false
Document_ИнвентаризацияНЗП_ИнвентаризационнаяКомиссия,ИнвентаризацияНЗП_ИнвентаризационнаяКомиссия,Обнаружено сканером,Document_ИнвентаризацияНЗП_ИнвентаризационнаяКомиссия,документ,{},https://1cfresh.com/a/ea/2244652,false,false,false
Document_ИнвентаризацияНЗП_Состав,ИнвентаризацияНЗП_Состав,Обнаружено сканером,Document_ИнвентаризацияНЗП_Состав,документ,{},https://1cfresh.com/a/ea/2244652,false,false,false
Document_ИнвентаризацияНЗП_СоставПоПродукции,ИнвентаризацияНЗП_СоставПоПродукции,Обнаружено сканером,Document_ИнвентаризацияНЗП_СоставПоПродукции,документ,{},https://1cfresh.com/a/ea/2244652,false,false,false
Document_ИнвентаризацияНМА,ИнвентаризацияНМА,Обнаружено сканером,Document_ИнвентаризацияНМА,документ,{},https://1cfresh.com/a/ea/2244652,false,false,false
Document_ИнвентаризацияНМА_ДокументыЗатрат,ИнвентаризацияНМА_ДокументыЗатрат,Обнаружено сканером,Document_ИнвентаризацияНМА_ДокументыЗатрат,документ,{},https://1cfresh.com/a/ea/2244652,false,false,false
Document_ИнвентаризацияНМА_ИнвентаризационнаяКомиссия,ИнвентаризацияНМА_ИнвентаризационнаяКомиссия,Обнаружено сканером,Document_ИнвентаризацияНМА_ИнвентаризационнаяКомиссия,документ,{},https://1cfresh.com/a/ea/2244652,false,false,false
Document_ИнвентаризацияНМА_ОбъектыУчета,ИнвентаризацияНМА_ОбъектыУчета,Обнаружено сканером,Document_ИнвентаризацияНМА_ОбъектыУчета,документ,{},https://1cfresh.com/a/ea/2244652,false,false,false
Document_ИнвентаризацияОС,ИнвентаризацияОС,Обнаружено сканером,Document_ИнвентаризацияОС,документ,{},https://1cfresh.com/a/ea/2244652,false,false,false
Document_ИнвентаризацияОС_ИнвентаризационнаяКомиссия,ИнвентаризацияОС_ИнвентаризационнаяКомиссия,Обнаружено сканером,Document_ИнвентаризацияОС_ИнвентаризационнаяКомиссия,документ,{},https://1cfresh.com/a/ea/2244652,false,false,false
Document_ИнвентаризацияОС_ОС,ИнвентаризацияОС_ОС,Обнаружено сканером,Document_ИнвентаризацияОС_ОС,документ,{},https://1cfresh.com/a/ea/2244652,false,false,false
Document_ИнвентаризацияРасчетовСКонтрагентами,ИнвентаризацияРасчетовСКонтрагентами,Обнаружено сканером,Document_ИнвентаризацияРасчетовСКонтрагентами,документ,{},https://1cfresh.com/a/ea/2244652,false,false,false
Document_ИнвентаризацияРасчетовСКонтрагентами_ДетальныеЗаписи,ИнвентаризацияРасчетовСКонтрагентами_ДетальныеЗаписи,Обнаружено сканером,Document_ИнвентаризацияРасчетовСКонтрагентами_ДетальныеЗаписи,документ,{},https://1cfresh.com/a/ea/2244652,false,false,false
Document_ИнвентаризацияРасчетовСКонтрагентами_ИнвентаризационнаяКомиссия,ИнвентаризацияРасчетовСКонтрагентами_ИнвентаризационнаяКомиссия,Обнаружено сканером,Document_ИнвентаризацияРасчетовСКонтрагентами_ИнвентаризационнаяКомиссия,документ,{},https://1cfresh.com/a/ea/2244652,false,false,false
Document_ИнвентаризацияРасчетовСКонтрагентами_Контрагенты,ИнвентаризацияРасчетовСКонтрагентами_Контрагенты,Обнаружено сканером,Document_ИнвентаризацияРасчетовСКонтрагентами_Контрагенты,документ,{},https://1cfresh.com/a/ea/2244652,false,false,false
Document_ИнвентаризацияРасчетовСКонтрагентами_СчетаРасчетов,ИнвентаризацияРасчетовСКонтрагентами_СчетаРасчетов,Обнаружено сканером,Document_ИнвентаризацияРасчетовСКонтрагентами_СчетаРасчетов,документ,{},https://1cfresh.com/a/ea/2244652,false,false,false
Document_ИнвентаризацияТоваровНаСкладе,ИнвентаризацияТоваровНаСкладе,Обнаружено сканером,Document_ИнвентаризацияТоваровНаСкладе,документ,{},https://1cfresh.com/a/ea/2244652,false,false,false
Document_ИнвентаризацияТоваровНаСкладе_ИнвентаризационнаяКомиссия,ИнвентаризацияТоваровНаСкладе_ИнвентаризационнаяКомиссия,Обнаружено сканером,Document_ИнвентаризацияТоваровНаСкладе_ИнвентаризационнаяКомиссия,документ,{},https://1cfresh.com/a/ea/2244652,false,false,false
Document_ИнвентаризацияТоваровНаСкладе_Товары,ИнвентаризацияТоваровНаСкладе_Товары,Обнаружено сканером,Document_ИнвентаризацияТоваровНаСкладе_Товары,документ,{},https://1cfresh.com/a/ea/2244652,false,false,false
Document_ИсполнительныйЛист,ИсполнительныйЛист,Обнаружено сканером,Document_ИсполнительныйЛист,документ,{},https://1cfresh.com/a/ea/2244652,false,false,false
Document_ИсполнительныйЛист_ДополнительныеРеквизиты,ИсполнительныйЛист_ДополнительныеРеквизиты,Обнаружено сканером,Document_ИсполнительныйЛист_ДополнительныеРеквизиты,документ,{},https://1cfresh.com/a/ea/2244652,false,false,false
Document_КассовыйЧекПодотчетногоЛица,КассовыйЧекПодотчетногоЛица,Обнаружено сканером,Document_КассовыйЧекПодотчетногоЛица,документ,{},https://1cfresh.com/a/ea/2244652,false,false,false
Document_КассовыйЧекПодотчетногоЛица_Товары,КассовыйЧекПодотчетногоЛица_Товары,Обнаружено сканером,Document_КассовыйЧекПодотчетногоЛица_Товары,документ,{},https://1cfresh.com/a/ea/2244652,false,false,false
Document_КнигаПокупокДляПередачиВЭлектронномВиде,КнигаПокупокДляПередачиВЭлектронномВиде,Обнаружено сканером,Document_КнигаПокупокДляПередачиВЭлектронномВиде,документ,{},https://1cfresh.com/a/ea/2244652,false,false,false
Document_КнигаПокупокДляПередачиВЭлектронномВиде_ТабличнаяЧасть,КнигаПокупокДляПередачиВЭлектронномВиде_ТабличнаяЧасть,Обнаружено сканером,Document_КнигаПокупокДляПередачиВЭлектронномВиде_ТабличнаяЧасть,документ,{},https://1cfresh.com/a/ea/2244652,false,false,false
Document_КнигаПродажДляПередачиВЭлектронномВиде,КнигаПродажДляПередачиВЭлектронномВиде,Обнаружено сканером,Document_КнигаПродажДляПередачиВЭлектронномВиде,документ,{},https://1cfresh.com/a/ea/2244652,false,false,false
Document_КнигаПродажДляПередачиВЭлектронномВиде_ТабличнаяЧасть,КнигаПродажДляПередачиВЭлектронномВиде_ТабличнаяЧасть,Обнаружено сканером,Document_КнигаПродажДляПередачиВЭлектронномВиде_ТабличнаяЧасть,документ,{},https://1cfresh.com/a/ea/2244652,false,false,false
Document_КоммерческоеПредложение,КоммерческоеПредложение,Обнаружено сканером,Document_КоммерческоеПредложение,документ,{},https://1cfresh.com/a/ea/2244652,false,false,false
Document_КоммерческоеПредложение_РеквизитыВерсий,КоммерческоеПредложение_РеквизитыВерсий,Обнаружено сканером,Document_КоммерческоеПредложение_РеквизитыВерсий,документ,{},https://1cfresh.com/a/ea/2244652,false,false,false
Document_КоммерческоеПредложение_Товары,КоммерческоеПредложение_Товары,Обнаружено сканером,Document_КоммерческоеПредложение_Товары,документ,{},https://1cfresh.com/a/ea/2244652,false,false,false
Document_КомплектацияНоменклатуры,КомплектацияНоменклатуры,Обнаружено сканером,Document_КомплектацияНоменклатуры,документ,{},https://1cfresh.com/a/ea/2244652,false,false,false
Document_КомплектацияНоменклатуры_Комплектующие,КомплектацияНоменклатуры_Комплектующие,Обнаружено сканером,Document_КомплектацияНоменклатуры_Комплектующие,документ,{},https://1cfresh.com/a/ea/2244652,false,false,false
Document_КомплектацияНоменклатуры_СведенияПрослеживаемости,КомплектацияНоменклатуры_СведенияПрослеживаемости,Обнаружено сканером,Document_КомплектацияНоменклатуры_СведенияПрослеживаемости,документ,{},https://1cfresh.com/a/ea/2244652,false,false,false
Document_КорректировкаДолга_ДебиторскаяЗадолженность,КорректировкаДолга_ДебиторскаяЗадолженность,Обнаружено сканером,Document_КорректировкаДолга_ДебиторскаяЗадолженность,документ,{},https://1cfresh.com/a/ea/2244652,false,false,false
Document_КорректировкаДолга_КредиторскаяЗадолженность,КорректировкаДолга_КредиторскаяЗадолженность,Обнаружено сканером,Document_КорректировкаДолга_КредиторскаяЗадолженность,документ,{},https://1cfresh.com/a/ea/2244652,false,false,false
Document_КорректировкаЕНС,КорректировкаЕНС,Обнаружено сканером,Document_КорректировкаЕНС,документ,{},https://1cfresh.com/a/ea/2244652,false,false,false
Document_КорректировкаЕНС_Операции,КорректировкаЕНС_Операции,Обнаружено сканером,Document_КорректировкаЕНС_Операции,документ,{},https://1cfresh.com/a/ea/2244652,false,false,false
Document_КорректировкаПоступления_АгентскиеУслуги,КорректировкаПоступления_АгентскиеУслуги,Обнаружено сканером,Document_КорректировкаПоступления_АгентскиеУслуги,документ,{},https://1cfresh.com/a/ea/2244652,false,false,false
Document_КорректировкаПоступления_СведенияПрослеживаемости,КорректировкаПоступления_СведенияПрослеживаемости,Обнаружено сканером,Document_КорректировкаПоступления_СведенияПрослеживаемости,документ,{},https://1cfresh.com/a/ea/2244652,false,false,false
Document_КорректировкаПоступления_Товары,КорректировкаПоступления_Товары,Обнаружено сканером,Document_КорректировкаПоступления_Товары,документ,{},https://1cfresh.com/a/ea/2244652,false,false,false
Document_КорректировкаПоступления_Услуги,КорректировкаПоступления_Услуги,Обнаружено сканером,Document_КорректировкаПоступления_Услуги,документ,{},https://1cfresh.com/a/ea/2244652,false,false,false
Document_КорректировкаПоступления_ШтрихкодыУпаковок,КорректировкаПоступления_ШтрихкодыУпаковок,Обнаружено сканером,Document_КорректировкаПоступления_ШтрихкодыУпаковок,документ,{},https://1cfresh.com/a/ea/2244652,false,false,false
Document_КорректировкаРеализации_АгентскиеУслуги,КорректировкаРеализации_АгентскиеУслуги,Обнаружено сканером,Document_КорректировкаРеализации_АгентскиеУслуги,документ,{},https://1cfresh.com/a/ea/2244652,false,false,false
Document_КорректировкаРеализации_СведенияПрослеживаемости,КорректировкаРеализации_СведенияПрослеживаемости,Обнаружено сканером,Document_КорректировкаРеализации_СведенияПрослеживаемости,документ,{},https://1cfresh.com/a/ea/2244652,false,false,false
Document_КорректировкаРеализации_Товары,КорректировкаРеализации_Товары,Обнаружено сканером,Document_КорректировкаРеализации_Товары,документ,{},https://1cfresh.com/a/ea/2244652,false,false,false
Document_КорректировкаРеализации_Услуги,КорректировкаРеализации_Услуги,Обнаружено сканером,Document_КорректировкаРеализации_Услуги,документ,{},https://1cfresh.com/a/ea/2244652,false,false,false
Document_КорректировкаРеализации_ШтрихкодыУпаковок,КорректировкаРеализации_ШтрихкодыУпаковок,Обнаружено сканером,Document_КорректировкаРеализации_ШтрихкодыУпаковок,документ,{},https://1cfresh.com/a/ea/2244652,false,false,false
Document_МодернизацияОС,МодернизацияОС,Обнаружено сканером,Document_МодернизацияОС,документ,{},https://1cfresh.com/a/ea/2244652,false,false,false
Document_МодернизацияОС_ОС,МодернизацияОС_ОС,Обнаружено сканером,Document_МодернизацияОС_ОС,документ,{},https://1cfresh.com/a/ea/2244652,false,false,false
Document_МодернизацияОС_Оплата,МодернизацияОС_Оплата,Обнаружено сканером,Document_МодернизацияОС_Оплата,документ,{},https://1cfresh.com/a/ea/2244652,false,false,false
Document_МодернизацияОС_СведенияПрослеживаемости,МодернизацияОС_СведенияПрослеживаемости,Обнаружено сканером,Document_МодернизацияОС_СведенияПрослеживаемости,документ,{},https://1cfresh.com/a/ea/2244652,false,false,false
Document_НачислениеДивидендов,НачислениеДивидендов,Обнаружено сканером,Document_НачислениеДивидендов,документ,{},https://1cfresh.com/a/ea/2244652,false,false,false
Document_НачислениеНДСпоСМРхозспособом,НачислениеНДСпоСМРхозспособом,Обнаружено сканером,Document_НачислениеНДСпоСМРхозспособом,документ,{},https://1cfresh.com/a/ea/2244652,false,false,false
Document_НачислениеНДСпоСМРхозспособом_СМРхозспособом,НачислениеНДСпоСМРхозспособом_СМРхозспособом,Обнаружено сканером,Document_НачислениеНДСпоСМРхозспособом_СМРхозспособом,документ,{},https://1cfresh.com/a/ea/2244652,false,false,false
Document_НачислениеПеней,НачислениеПеней,Обнаружено сканером,Document_НачислениеПеней,документ,{},https://1cfresh.com/a/ea/2244652,false,false,false
Document_НачислениеПеней_Задолженность,НачислениеПеней_Задолженность,Обнаружено сканером,Document_НачислениеПеней_Задолженность,документ,{},https://1cfresh.com/a/ea/2244652,false,false,false
Document_ОбращениеКабинетСотрудника,ОбращениеКабинетСотрудника,Обнаружено сканером,Document_ОбращениеКабинетСотрудника,документ,{},https://1cfresh.com/a/ea/2244652,false,false,false
Document_ОбращениеКабинетСотрудника_ДополнительныеРеквизиты,ОбращениеКабинетСотрудника_ДополнительныеРеквизиты,Обнаружено сканером,Document_ОбращениеКабинетСотрудника_ДополнительныеРеквизиты,документ,{},https://1cfresh.com/a/ea/2244652,false,false,false
Document_ОбращениеКабинетСотрудника_РеквизитыОбращения,ОбращениеКабинетСотрудника_РеквизитыОбращения,Обнаружено сканером,Document_ОбращениеКабинетСотрудника_РеквизитыОбращения,документ,{},https://1cfresh.com/a/ea/2244652,false,false,false
Document_ОбращениеСФРКСтрахователю,ОбращениеСФРКСтрахователю,Обнаружено сканером,Document_ОбращениеСФРКСтрахователю,документ,{},https://1cfresh.com/a/ea/2244652,false,false,false
Document_ОбращениеСФРКСтрахователю_ФайлыОбращения,ОбращениеСФРКСтрахователю_ФайлыОбращения,Обнаружено сканером,Document_ОбращениеСФРКСтрахователю_ФайлыОбращения,документ,{},https://1cfresh.com/a/ea/2244652,false,false,false
Document_ОказаниеУслуг,ОказаниеУслуг,Обнаружено сканером,Document_ОказаниеУслуг,документ,{},https://1cfresh.com/a/ea/2244652,false,false,false
Document_ОказаниеУслуг_Контрагенты,ОказаниеУслуг_Контрагенты,Обнаружено сканером,Document_ОказаниеУслуг_Контрагенты,документ,{},https://1cfresh.com/a/ea/2244652,false,false,false
Document_ОперацияБух,ОперацияБух,Обнаружено сканером,Document_ОперацияБух,документ,{},https://1cfresh.com/a/ea/2244652,false,false,false
Document_ОперацияБух_ТаблицаРегистровНакопления,ОперацияБух_ТаблицаРегистровНакопления,Обнаружено сканером,Document_ОперацияБух_ТаблицаРегистровНакопления,документ,{},https://1cfresh.com/a/ea/2244652,false,false,false
Document_ОперацияБух_ТаблицаРегистровСведений,ОперацияБух_ТаблицаРегистровСведений,Обнаружено сканером,Document_ОперацияБух_ТаблицаРегистровСведений,документ,{},https://1cfresh.com/a/ea/2244652,false,false,false
Document_ОперацияПоЕдиномуНалоговомуСчету,ОперацияПоЕдиномуНалоговомуСчету,Обнаружено сканером,Document_ОперацияПоЕдиномуНалоговомуСчету,документ,{},https://1cfresh.com/a/ea/2244652,false,false,false
Document_ОперацияПоЕдиномуНалоговомуСчету_ЕдиныйСчет,ОперацияПоЕдиномуНалоговомуСчету_ЕдиныйСчет,Обнаружено сканером,Document_ОперацияПоЕдиномуНалоговомуСчету_ЕдиныйСчет,документ,{},https://1cfresh.com/a/ea/2244652,false,false,false
Document_ОперацияПоЕдиномуНалоговомуСчету_Налоги,ОперацияПоЕдиномуНалоговомуСчету_Налоги,Обнаружено сканером,Document_ОперацияПоЕдиномуНалоговомуСчету_Налоги,документ,{},https://1cfresh.com/a/ea/2244652,false,false,false
Document_ОперацияПоЕдиномуНалоговомуСчету_НалоговыйАгентНДС,ОперацияПоЕдиномуНалоговомуСчету_НалоговыйАгентНДС,Обнаружено сканером,Document_ОперацияПоЕдиномуНалоговомуСчету_НалоговыйАгентНДС,документ,{},https://1cfresh.com/a/ea/2244652,false,false,false
Document_ОперацияПоЕдиномуНалоговомуСчету_Санкции,ОперацияПоЕдиномуНалоговомуСчету_Санкции,Обнаружено сканером,Document_ОперацияПоЕдиномуНалоговомуСчету_Санкции,документ,{},https://1cfresh.com/a/ea/2244652,false,false,false
Document_ОперацияСБилетом,ОперацияСБилетом,Обнаружено сканером,Document_ОперацияСБилетом,документ,{},https://1cfresh.com/a/ea/2244652,false,false,false
Document_ОперацияСБилетом_ЗачетАвансов,ОперацияСБилетом_ЗачетАвансов,Обнаружено сканером,Document_ОперацияСБилетом_ЗачетАвансов,документ,{},https://1cfresh.com/a/ea/2244652,false,false,false
Document_ОплатаПлатежнойКартой,ОплатаПлатежнойКартой,Обнаружено сканером,Document_ОплатаПлатежнойКартой,документ,{},https://1cfresh.com/a/ea/2244652,false,false,false
Document_ОплатаПлатежнойКартой_РасшифровкаПлатежа,ОплатаПлатежнойКартой_РасшифровкаПлатежа,Обнаружено сканером,Document_ОплатаПлатежнойКартой_РасшифровкаПлатежа,документ,{},https://1cfresh.com/a/ea/2244652,false,false,false
Document_ОплатаПлатежнойКартой_РеквизитыРеестра,ОплатаПлатежнойКартой_РеквизитыРеестра,Обнаружено сканером,Document_ОплатаПлатежнойКартой_РеквизитыРеестра,документ,{},https://1cfresh.com/a/ea/2244652,false,false,false
Document_ОприходованиеТоваров,ОприходованиеТоваров,Обнаружено сканером,Document_ОприходованиеТоваров,документ,{},https://1cfresh.com/a/ea/2244652,false,false,false
Document_ОприходованиеТоваров_СведенияПрослеживаемости,ОприходованиеТоваров_СведенияПрослеживаемости,Обнаружено сканером,Document_ОприходованиеТоваров_СведенияПрослеживаемости,документ,{},https://1cfresh.com/a/ea/2244652,false,false,false
Document_ОприходованиеТоваров_Товары,ОприходованиеТоваров_Товары,Обнаружено сканером,Document_ОприходованиеТоваров_Товары,документ,{},https://1cfresh.com/a/ea/2244652,false,false,false
Document_ОтветСтрахователяНаОбращениеСФР,ОтветСтрахователяНаОбращениеСФР,Обнаружено сканером,Document_ОтветСтрахователяНаОбращениеСФР,документ,{},https://1cfresh.com/a/ea/2244652,false,false,false
Document_ОтветСтрахователяНаОбращениеСФР_Вложения,ОтветСтрахователяНаОбращениеСФР_Вложения,Обнаружено сканером,Document_ОтветСтрахователяНаОбращениеСФР_Вложения,документ,{},https://1cfresh.com/a/ea/2244652,false,false,false
Document_ОтветСтрахователяНаТребованиеПроверкиФСС,ОтветСтрахователяНаТребованиеПроверкиФСС,Обнаружено сканером,Document_ОтветСтрахователяНаТребованиеПроверкиФСС,документ,{},https://1cfresh.com/a/ea/2244652,false,false,false
Document_ОтветСтрахователяНаТребованиеПроверкиФСС_ПредоставленныеДокументы,ОтветСтрахователяНаТребованиеПроверкиФСС_ПредоставленныеДокументы,Обнаружено сканером,Document_ОтветСтрахователяНаТребованиеПроверкиФСС_ПредоставленныеДокументы,документ,{},https://1cfresh.com/a/ea/2244652,false,false,false
Document_ОтпускБезСохраненияОплаты,ОтпускБезСохраненияОплаты,Обнаружено сканером,Document_ОтпускБезСохраненияОплаты,документ,{},https://1cfresh.com/a/ea/2244652,false,false,false
Document_ОтпускБезСохраненияОплаты_ДополнительныеРеквизиты,ОтпускБезСохраненияОплаты_ДополнительныеРеквизиты,Обнаружено сканером,Document_ОтпускБезСохраненияОплаты_ДополнительныеРеквизиты,документ,{},https://1cfresh.com/a/ea/2244652,false,false,false
Document_ОтпускБезСохраненияОплаты_Начисления,ОтпускБезСохраненияОплаты_Начисления,Обнаружено сканером,Document_ОтпускБезСохраненияОплаты_Начисления,документ,{},https://1cfresh.com/a/ea/2244652,false,false,false
Document_ОтражениеДОППВДекларацииПоКосвеннымНалогам,ОтражениеДОППВДекларацииПоКосвеннымНалогам,Обнаружено сканером,Document_ОтражениеДОППВДекларацииПоКосвеннымНалогам,документ,{},https://1cfresh.com/a/ea/2244652,false,false,false
Document_ОтражениеДОППВДекларацииПоКосвеннымНалогам_ОбеспечительныеПлатежи,ОтражениеДОППВДекларацииПоКосвеннымНалогам_ОбеспечительныеПлатежи,Обнаружено сканером,Document_ОтражениеДОППВДекларацииПоКосвеннымНалогам_ОбеспечительныеПлатежи,документ,{},https://1cfresh.com/a/ea/2244652,false,false,false
Document_ОтражениеДОППВДекларацииПоКосвеннымНалогам_СведенияИзДокументовОПредстоящейПоставке,ОтражениеДОППВДекларацииПоКосвеннымНалогам_СведенияИзДокументовОПредстоящейПоставке,Обнаружено сканером,Document_ОтражениеДОППВДекларацииПоКосвеннымНалогам_СведенияИзДокументовОПредстоящейПоставке,документ,{},https://1cfresh.com/a/ea/2244652,false,false,false
Document_ОтражениеЗарплатыВБухучете,ОтражениеЗарплатыВБухучете,Обнаружено сканером,Document_ОтражениеЗарплатыВБухучете,документ,{},https://1cfresh.com/a/ea/2244652,false,false,false
Document_ОтражениеЗарплатыВБухучете_ВыплатаЗаСчетРезерва,ОтражениеЗарплатыВБухучете_ВыплатаЗаСчетРезерва,Обнаружено сканером,Document_ОтражениеЗарплатыВБухучете_ВыплатаЗаСчетРезерва,документ,{},https://1cfresh.com/a/ea/2244652,false,false,false
Document_ОтражениеЗарплатыВБухучете_ДополнительныеРеквизиты,ОтражениеЗарплатыВБухучете_ДополнительныеРеквизиты,Обнаружено сканером,Document_ОтражениеЗарплатыВБухучете_ДополнительныеРеквизиты,документ,{},https://1cfresh.com/a/ea/2244652,false,false,false
Document_ОтражениеЗарплатыВБухучете_НачисленнаяЗарплатаИВзносы,ОтражениеЗарплатыВБухучете_НачисленнаяЗарплатаИВзносы,Обнаружено сканером,Document_ОтражениеЗарплатыВБухучете_НачисленнаяЗарплатаИВзносы,документ,{},https://1cfresh.com/a/ea/2244652,false,false,false
Document_ОтражениеЗарплатыВБухучете_НачисленныйНДФЛ,ОтражениеЗарплатыВБухучете_НачисленныйНДФЛ,Обнаружено сканером,Document_ОтражениеЗарплатыВБухучете_НачисленныйНДФЛ,документ,{},https://1cfresh.com/a/ea/2244652,false,false,false
Document_ОтражениеЗарплатыВБухучете_УдалитьОценкаОбязательствИФормированиеРезервов,ОтражениеЗарплатыВБухучете_УдалитьОценкаОбязательствИФормированиеРезервов,Обнаружено сканером,Document_ОтражениеЗарплатыВБухучете_УдалитьОценкаОбязательствИФормированиеРезервов,документ,{},https://1cfresh.com/a/ea/2244652,false,false,false
Document_ОтражениеЗарплатыВБухучете_УдержаннаяЗарплата,ОтражениеЗарплатыВБухучете_УдержаннаяЗарплата,Обнаружено сканером,Document_ОтражениеЗарплатыВБухучете_УдержаннаяЗарплата,документ,{},https://1cfresh.com/a/ea/2244652,false,false,false
Document_ОтражениеЗарплатыВБухучете_ФизическиеЛица,ОтражениеЗарплатыВБухучете_ФизическиеЛица,Обнаружено сканером,Document_ОтражениеЗарплатыВБухучете_ФизическиеЛица,документ,{},https://1cfresh.com/a/ea/2244652,false,false,false
Document_ОтражениеЗарплатыВУчете,ОтражениеЗарплатыВУчете,Обнаружено сканером,Document_ОтражениеЗарплатыВУчете,документ,{},https://1cfresh.com/a/ea/2244652,false,false,false
Document_ОтражениеЗарплатыВУчете_ОтражениеВУчете,ОтражениеЗарплатыВУчете_ОтражениеВУчете,Обнаружено сканером,Document_ОтражениеЗарплатыВУчете_ОтражениеВУчете,документ,{},https://1cfresh.com/a/ea/2244652,false,false,false
Document_ОтражениеНДСКВычету,ОтражениеНДСКВычету,Обнаружено сканером,Document_ОтражениеНДСКВычету,документ,{},https://1cfresh.com/a/ea/2244652,false,false,false
Document_ОтражениеНДСКВычету_ДокументыОплаты,ОтражениеНДСКВычету_ДокументыОплаты,Обнаружено сканером,Document_ОтражениеНДСКВычету_ДокументыОплаты,документ,{},https://1cfresh.com/a/ea/2244652,false,false,false
Document_ОтражениеНДСКВычету_ТоварыИУслуги,ОтражениеНДСКВычету_ТоварыИУслуги,Обнаружено сканером,Document_ОтражениеНДСКВычету_ТоварыИУслуги,документ,{},https://1cfresh.com/a/ea/2244652,false,false,false
Document_ОтражениеНачисленияНДС,ОтражениеНачисленияНДС,Обнаружено сканером,Document_ОтражениеНачисленияНДС,документ,{},https://1cfresh.com/a/ea/2244652,false,false,false
Document_ОтражениеНачисленияНДС_ДокументыОплаты,ОтражениеНачисленияНДС_ДокументыОплаты,Обнаружено сканером,Document_ОтражениеНачисленияНДС_ДокументыОплаты,документ,{},https://1cfresh.com/a/ea/2244652,false,false,false
Document_ОтражениеНачисленияНДС_ТоварыИУслуги,ОтражениеНачисленияНДС_ТоварыИУслуги,Обнаружено сканером,Document_ОтражениеНачисленияНДС_ТоварыИУслуги,документ,{},https://1cfresh.com/a/ea/2244652,false,false,false
Document_ОтчетКомиссионераОПродажах,ОтчетКомиссионераОПродажах,Обнаружено сканером,Document_ОтчетКомиссионераОПродажах,документ,{},https://1cfresh.com/a/ea/2244652,false,false,false
Document_ОтчетКомиссионераОПродажах_Возвраты,ОтчетКомиссионераОПродажах_Возвраты,Обнаружено сканером,Document_ОтчетКомиссионераОПродажах_Возвраты,документ,{},https://1cfresh.com/a/ea/2244652,false,false,false
Document_ОтчетКомиссионераОПродажах_ВозвратыИсходныеДокументы,ОтчетКомиссионераОПродажах_ВозвратыИсходныеДокументы,Обнаружено сканером,Document_ОтчетКомиссионераОПродажах_ВозвратыИсходныеДокументы,документ,{},https://1cfresh.com/a/ea/2244652,false,false,false
Document_ОтчетКомиссионераОПродажах_ДенежныеСредства,ОтчетКомиссионераОПродажах_ДенежныеСредства,Обнаружено сканером,Document_ОтчетКомиссионераОПродажах_ДенежныеСредства,документ,{},https://1cfresh.com/a/ea/2244652,false,false,false
Document_ОтчетКомиссионераОПродажах_ЗачетАвансов,ОтчетКомиссионераОПродажах_ЗачетАвансов,Обнаружено сканером,Document_ОтчетКомиссионераОПродажах_ЗачетАвансов,документ,{},https://1cfresh.com/a/ea/2244652,false,false,false
Document_ОтчетКомиссионераОПродажах_Покупатели,ОтчетКомиссионераОПродажах_Покупатели,Обнаружено сканером,Document_ОтчетКомиссионераОПродажах_Покупатели,документ,{},https://1cfresh.com/a/ea/2244652,false,false,false
Document_ОтчетКомиссионераОПродажах_СведенияПрослеживаемости,ОтчетКомиссионераОПродажах_СведенияПрослеживаемости,Обнаружено сканером,Document_ОтчетКомиссионераОПродажах_СведенияПрослеживаемости,документ,{},https://1cfresh.com/a/ea/2244652,false,false,false
Document_ОтчетКомиссионераОПродажах_Товары,ОтчетКомиссионераОПродажах_Товары,Обнаружено сканером,Document_ОтчетКомиссионераОПродажах_Товары,документ,{},https://1cfresh.com/a/ea/2244652,false,false,false
Document_ОтчетКомиссионераОПродажах_ТоварыВозвращенные,ОтчетКомиссионераОПродажах_ТоварыВозвращенные,Обнаружено сканером,Document_ОтчетКомиссионераОПродажах_ТоварыВозвращенные,документ,{},https://1cfresh.com/a/ea/2244652,false,false,false
Document_ОтчетКомиссионераОПродажах_Услуги,ОтчетКомиссионераОПродажах_Услуги,Обнаружено сканером,Document_ОтчетКомиссионераОПродажах_Услуги,документ,{},https://1cfresh.com/a/ea/2244652,false,false,false
Document_ОтчетКомитентуОПродажах,ОтчетКомитентуОПродажах,Обнаружено сканером,Document_ОтчетКомитентуОПродажах,документ,{},https://1cfresh.com/a/ea/2244652,false,false,false
Document_ОтчетКомитентуОПродажах_ДенежныеСредства,ОтчетКомитентуОПродажах_ДенежныеСредства,Обнаружено сканером,Document_ОтчетКомитентуОПродажах_ДенежныеСредства,документ,{},https://1cfresh.com/a/ea/2244652,false,false,false
Document_ОтчетКомитентуОПродажах_Поставщики,ОтчетКомитентуОПродажах_Поставщики,Обнаружено сканером,Document_ОтчетКомитентуОПродажах_Поставщики,документ,{},https://1cfresh.com/a/ea/2244652,false,false,false
Document_ОтчетКомитентуОПродажах_СведенияПрослеживаемости,ОтчетКомитентуОПродажах_СведенияПрослеживаемости,Обнаружено сканером,Document_ОтчетКомитентуОПродажах_СведенияПрослеживаемости,документ,{},https://1cfresh.com/a/ea/2244652,false,false,false
Document_ОтчетКомитентуОПродажах_Товары,ОтчетКомитентуОПродажах_Товары,Обнаружено сканером,Document_ОтчетКомитентуОПродажах_Товары,документ,{},https://1cfresh.com/a/ea/2244652,false,false,false
Document_ОтчетМаркетплейса,ОтчетМаркетплейса,Обнаружено сканером,Document_ОтчетМаркетплейса,документ,{},https://1cfresh.com/a/ea/2244652,false,false,false
Document_ОтчетОРозничныхПродажах,ОтчетОРозничныхПродажах,Обнаружено сканером,Document_ОтчетОРозничныхПродажах,документ,{},https://1cfresh.com/a/ea/2244652,false,false,false
Document_ОтчетОРозничныхПродажах_АгентскиеУслуги,ОтчетОРозничныхПродажах_АгентскиеУслуги,Обнаружено сканером,Document_ОтчетОРозничныхПродажах_АгентскиеУслуги,документ,{},https://1cfresh.com/a/ea/2244652,false,false,false
Document_ОтчетОРозничныхПродажах_ВозвратОплаты,ОтчетОРозничныхПродажах_ВозвратОплаты,Обнаружено сканером,Document_ОтчетОРозничныхПродажах_ВозвратОплаты,документ,{},https://1cfresh.com/a/ea/2244652,false,false,false
Document_ОтчетОРозничныхПродажах_Возвраты,ОтчетОРозничныхПродажах_Возвраты,Обнаружено сканером,Document_ОтчетОРозничныхПродажах_Возвраты,документ,{},https://1cfresh.com/a/ea/2244652,false,false,false
Document_ОтчетОРозничныхПродажах_ЗачетАвансов,ОтчетОРозничныхПродажах_ЗачетАвансов,Обнаружено сканером,Document_ОтчетОРозничныхПродажах_ЗачетАвансов,документ,{},https://1cfresh.com/a/ea/2244652,false,false,false
Document_ОтчетОРозничныхПродажах_Оплата,ОтчетОРозничныхПродажах_Оплата,Обнаружено сканером,Document_ОтчетОРозничныхПродажах_Оплата,документ,{},https://1cfresh.com/a/ea/2244652,false,false,false
Document_ОтчетОРозничныхПродажах_ОплатаСчетов,ОтчетОРозничныхПродажах_ОплатаСчетов,Обнаружено сканером,Document_ОтчетОРозничныхПродажах_ОплатаСчетов,документ,{},https://1cfresh.com/a/ea/2244652,false,false,false
Document_ОтчетОРозничныхПродажах_ПодарочныеСертификаты,ОтчетОРозничныхПродажах_ПодарочныеСертификаты,Обнаружено сканером,Document_ОтчетОРозничныхПродажах_ПодарочныеСертификаты,документ,{},https://1cfresh.com/a/ea/2244652,false,false,false
Document_ОтчетОРозничныхПродажах_Предоплаты,ОтчетОРозничныхПродажах_Предоплаты,Обнаружено сканером,Document_ОтчетОРозничныхПродажах_Предоплаты,документ,{},https://1cfresh.com/a/ea/2244652,false,false,false
Document_ОтчетОРозничныхПродажах_СведенияПрослеживаемости,ОтчетОРозничныхПродажах_СведенияПрослеживаемости,Обнаружено сканером,Document_ОтчетОРозничныхПродажах_СведенияПрослеживаемости,документ,{},https://1cfresh.com/a/ea/2244652,false,false,false
Document_ОтчетОРозничныхПродажах_Товары,ОтчетОРозничныхПродажах_Товары,Обнаружено сканером,Document_ОтчетОРозничныхПродажах_Товары,документ,{},https://1cfresh.com/a/ea/2244652,false,false,false
Document_ОтчетПроизводстваЗаСмену,ОтчетПроизводстваЗаСмену,Обнаружено сканером,Document_ОтчетПроизводстваЗаСмену,документ,{},https://1cfresh.com/a/ea/2244652,false,false,false
Document_ОтчетПроизводстваЗаСмену_ВозвратныеОтходы,ОтчетПроизводстваЗаСмену_ВозвратныеОтходы,Обнаружено сканером,Document_ОтчетПроизводстваЗаСмену_ВозвратныеОтходы,документ,{},https://1cfresh.com/a/ea/2244652,false,false,false
Document_ОтчетПроизводстваЗаСмену_Материалы,ОтчетПроизводстваЗаСмену_Материалы,Обнаружено сканером,Document_ОтчетПроизводстваЗаСмену_Материалы,документ,{},https://1cfresh.com/a/ea/2244652,false,false,false
Document_ОтчетПроизводстваЗаСмену_Продукция,ОтчетПроизводстваЗаСмену_Продукция,Обнаружено сканером,Document_ОтчетПроизводстваЗаСмену_Продукция,документ,{},https://1cfresh.com/a/ea/2244652,false,false,false
Document_ОтчетПроизводстваЗаСмену_СведенияПрослеживаемости,ОтчетПроизводстваЗаСмену_СведенияПрослеживаемости,Обнаружено сканером,Document_ОтчетПроизводстваЗаСмену_СведенияПрослеживаемости,документ,{},https://1cfresh.com/a/ea/2244652,false,false,false
Document_ОтчетПроизводстваЗаСмену_Услуги,ОтчетПроизводстваЗаСмену_Услуги,Обнаружено сканером,Document_ОтчетПроизводстваЗаСмену_Услуги,документ,{},https://1cfresh.com/a/ea/2244652,false,false,false
Document_Партия,Партия,Обнаружено сканером,Document_Партия,документ,{},https://1cfresh.com/a/ea/2244652,false,false,false
Document_ПартияМатериаловВЭксплуатации,ПартияМатериаловВЭксплуатации,Обнаружено сканером,Document_ПартияМатериаловВЭксплуатации,документ,{},https://1cfresh.com/a/ea/2244652,false,false,false
Document_ПачкаДокументовСЗВ_6_1,ПачкаДокументовСЗВ_6_1,Обнаружено сканером,Document_ПачкаДокументовСЗВ_6_1,документ,{},https://1cfresh.com/a/ea/2244652,false,false,false
Document_ПачкаДокументовСЗВ_6_1_ДополнительныеРеквизиты,ПачкаДокументовСЗВ_6_1_ДополнительныеРеквизиты,Обнаружено сканером,Document_ПачкаДокументовСЗВ_6_1_ДополнительныеРеквизиты,документ,{},https://1cfresh.com/a/ea/2244652,false,false,false
Document_ПачкаДокументовСЗВ_6_1_ЗаписиОСтаже,ПачкаДокументовСЗВ_6_1_ЗаписиОСтаже,Обнаружено сканером,Document_ПачкаДокументовСЗВ_6_1_ЗаписиОСтаже,документ,{},https://1cfresh.com/a/ea/2244652,false,false,false
Document_ПачкаДокументовСЗВ_6_1_Сотрудники,ПачкаДокументовСЗВ_6_1_Сотрудники,Обнаружено сканером,Document_ПачкаДокументовСЗВ_6_1_Сотрудники,документ,{},https://1cfresh.com/a/ea/2244652,false,false,false
Document_ПачкаДокументовСЗВ_6_1_ФизическиеЛица,ПачкаДокументовСЗВ_6_1_ФизическиеЛица,Обнаружено сканером,Document_ПачкаДокументовСЗВ_6_1_ФизическиеЛица,документ,{},https://1cfresh.com/a/ea/2244652,false,false,false
Document_ПачкаДокументовСЗВ_6_4,ПачкаДокументовСЗВ_6_4,Обнаружено сканером,Document_ПачкаДокументовСЗВ_6_4,документ,{},https://1cfresh.com/a/ea/2244652,false,false,false
Document_ПачкаДокументовСЗВ_6_4_ДополнительныеРеквизиты,ПачкаДокументовСЗВ_6_4_ДополнительныеРеквизиты,Обнаружено сканером,Document_ПачкаДокументовСЗВ_6_4_ДополнительныеРеквизиты,документ,{},https://1cfresh.com/a/ea/2244652,false,false,false
Document_ПачкаДокументовСЗВ_6_4_ЗаписиОСтаже,ПачкаДокументовСЗВ_6_4_ЗаписиОСтаже,Обнаружено сканером,Document_ПачкаДокументовСЗВ_6_4_ЗаписиОСтаже,документ,{},https://1cfresh.com/a/ea/2244652,false,false,false
Document_ПачкаДокументовСЗВ_6_4_СведенияОЗаработке,ПачкаДокументовСЗВ_6_4_СведенияОЗаработке,Обнаружено сканером,Document_ПачкаДокументовСЗВ_6_4_СведенияОЗаработке,документ,{},https://1cfresh.com/a/ea/2244652,false,false,false
Document_ПачкаДокументовСЗВ_6_4_Сотрудники,ПачкаДокументовСЗВ_6_4_Сотрудники,Обнаружено сканером,Document_ПачкаДокументовСЗВ_6_4_Сотрудники,документ,{},https://1cfresh.com/a/ea/2244652,false,false,false
Document_ПачкаДокументовСЗВ_6_4_ФизическиеЛица,ПачкаДокументовСЗВ_6_4_ФизическиеЛица,Обнаружено сканером,Document_ПачкаДокументовСЗВ_6_4_ФизическиеЛица,документ,{},https://1cfresh.com/a/ea/2244652,false,false,false
Document_ПачкаРазделов6РасчетаРСВ_1,ПачкаРазделов6РасчетаРСВ_1,Обнаружено сканером,Document_ПачкаРазделов6РасчетаРСВ_1,документ,{},https://1cfresh.com/a/ea/2244652,false,false,false
Document_ПачкаРазделов6РасчетаРСВ_1_ДополнительныеРеквизиты,ПачкаРазделов6РасчетаРСВ_1_ДополнительныеРеквизиты,Обнаружено сканером,Document_ПачкаРазделов6РасчетаРСВ_1_ДополнительныеРеквизиты,документ,{},https://1cfresh.com/a/ea/2244652,false,false,false
Document_ПачкаРазделов6РасчетаРСВ_1_ЗаписиОСтаже,ПачкаРазделов6РасчетаРСВ_1_ЗаписиОСтаже,Обнаружено сканером,Document_ПачкаРазделов6РасчетаРСВ_1_ЗаписиОСтаже,документ,{},https://1cfresh.com/a/ea/2244652,false,false,false
Document_ПачкаРазделов6РасчетаРСВ_1_КорректирующиеСведения,ПачкаРазделов6РасчетаРСВ_1_КорректирующиеСведения,Обнаружено сканером,Document_ПачкаРазделов6РасчетаРСВ_1_КорректирующиеСведения,документ,{},https://1cfresh.com/a/ea/2244652,false,false,false
Document_ПачкаРазделов6РасчетаРСВ_1_СведенияОЗаработке,ПачкаРазделов6РасчетаРСВ_1_СведенияОЗаработке,Обнаружено сканером,Document_ПачкаРазделов6РасчетаРСВ_1_СведенияОЗаработке,документ,{},https://1cfresh.com/a/ea/2244652,false,false,false
Document_ПачкаРазделов6РасчетаРСВ_1_СведенияОЗаработкеНаВредныхИТяжелыхРаботах,ПачкаРазделов6РасчетаРСВ_1_СведенияОЗаработкеНаВредныхИТяжелыхРаботах,Обнаружено сканером,Document_ПачкаРазделов6РасчетаРСВ_1_СведенияОЗаработкеНаВредныхИТяжелыхРаботах,документ,{},https://1cfresh.com/a/ea/2244652,false,false,false
Document_ПачкаРазделов6РасчетаРСВ_1_Сотрудники,ПачкаРазделов6РасчетаРСВ_1_Сотрудники,Обнаружено сканером,Document_ПачкаРазделов6РасчетаРСВ_1_Сотрудники,документ,{},https://1cfresh.com/a/ea/2244652,false,false,false
Document_ПачкаРазделов6РасчетаРСВ_1_ФизическиеЛица,ПачкаРазделов6РасчетаРСВ_1_ФизическиеЛица,Обнаружено сканером,Document_ПачкаРазделов6РасчетаРСВ_1_ФизическиеЛица,документ,{},https://1cfresh.com/a/ea/2244652,false,false,false
Document_ПереводОСВМалоценноеОборудование,ПереводОСВМалоценноеОборудование,Обнаружено сканером,Document_ПереводОСВМалоценноеОборудование,документ,{},https://1cfresh.com/a/ea/2244652,false,false,false
Document_ПереводОСВМалоценноеОборудование_ОС,ПереводОСВМалоценноеОборудование_ОС,Обнаружено сканером,Document_ПереводОСВМалоценноеОборудование_ОС,документ,{},https://1cfresh.com/a/ea/2244652,false,false,false
Document_ПередачаЗадолженностиНаФакторинг,ПередачаЗадолженностиНаФакторинг,Обнаружено сканером,Document_ПередачаЗадолженностиНаФакторинг,документ,{},https://1cfresh.com/a/ea/2244652,false,false,false
Document_ПередачаЗадолженностиНаФакторинг_ДебиторскаяЗадолженность,ПередачаЗадолженностиНаФакторинг_ДебиторскаяЗадолженность,Обнаружено сканером,Document_ПередачаЗадолженностиНаФакторинг_ДебиторскаяЗадолженность,документ,{},https://1cfresh.com/a/ea/2244652,false,false,false
Document_ПередачаМатериаловВЭксплуатацию_ВозвратнаяТара,ПередачаМатериаловВЭксплуатацию_ВозвратнаяТара,Обнаружено сканером,Document_ПередачаМатериаловВЭксплуатацию_ВозвратнаяТара,документ,{},https://1cfresh.com/a/ea/2244652,false,false,false
Document_ПередачаМатериаловВЭксплуатацию_ИнвентарьИХозяйственныеПринадлежности,ПередачаМатериаловВЭксплуатацию_ИнвентарьИХозяйственныеПринадлежности,Обнаружено сканером,Document_ПередачаМатериаловВЭксплуатацию_ИнвентарьИХозяйственныеПринадлежности,документ,{},https://1cfresh.com/a/ea/2244652,false,false,false
Document_ПередачаМатериаловВЭксплуатацию_Спецодежда,ПередачаМатериаловВЭксплуатацию_Спецодежда,Обнаружено сканером,Document_ПередачаМатериаловВЭксплуатацию_Спецодежда,документ,{},https://1cfresh.com/a/ea/2244652,false,false,false
Document_ПередачаМатериаловВЭксплуатацию_Спецоснастка,ПередачаМатериаловВЭксплуатацию_Спецоснастка,Обнаружено сканером,Document_ПередачаМатериаловВЭксплуатацию_Спецоснастка,документ,{},https://1cfresh.com/a/ea/2244652,false,false,false
Document_ПередачаНМА,ПередачаНМА,Обнаружено сканером,Document_ПередачаНМА,документ,{},https://1cfresh.com/a/ea/2244652,false,false,false
Document_ПередачаНМА_ЗачетАвансов,ПередачаНМА_ЗачетАвансов,Обнаружено сканером,Document_ПередачаНМА_ЗачетАвансов,документ,{},https://1cfresh.com/a/ea/2244652,false,false,false
Document_ПередачаОС,ПередачаОС,Обнаружено сканером,Document_ПередачаОС,документ,{},https://1cfresh.com/a/ea/2244652,false,false,false
Document_ПередачаОС_ЗачетАвансов,ПередачаОС_ЗачетАвансов,Обнаружено сканером,Document_ПередачаОС_ЗачетАвансов,документ,{},https://1cfresh.com/a/ea/2244652,false,false,false
Document_ПередачаОС_ОС,ПередачаОС_ОС,Обнаружено сканером,Document_ПередачаОС_ОС,документ,{},https://1cfresh.com/a/ea/2244652,false,false,false
Document_ПередачаОС_СведенияПрослеживаемости,ПередачаОС_СведенияПрослеживаемости,Обнаружено сканером,Document_ПередачаОС_СведенияПрослеживаемости,документ,{},https://1cfresh.com/a/ea/2244652,false,false,false
Document_ПередачаОСВАренду,ПередачаОСВАренду,Обнаружено сканером,Document_ПередачаОСВАренду,документ,{},https://1cfresh.com/a/ea/2244652,false,false,false
Document_ПередачаОСВАренду_ОС,ПередачаОСВАренду_ОС,Обнаружено сканером,Document_ПередачаОСВАренду_ОС,документ,{},https://1cfresh.com/a/ea/2244652,false,false,false
Document_ПередачаОборудованияВМонтаж,ПередачаОборудованияВМонтаж,Обнаружено сканером,Document_ПередачаОборудованияВМонтаж,документ,{},https://1cfresh.com/a/ea/2244652,false,false,false
Document_ПередачаОборудованияВМонтаж_Оборудование,ПередачаОборудованияВМонтаж_Оборудование,Обнаружено сканером,Document_ПередачаОборудованияВМонтаж_Оборудование,документ,{},https://1cfresh.com/a/ea/2244652,false,false,false
Document_ПередачаОборудованияВМонтаж_СведенияПрослеживаемости,ПередачаОборудованияВМонтаж_СведенияПрослеживаемости,Обнаружено сканером,Document_ПередачаОборудованияВМонтаж_СведенияПрослеживаемости,документ,{},https://1cfresh.com/a/ea/2244652,false,false,false
Document_ПередачаТоваров,ПередачаТоваров,Обнаружено сканером,Document_ПередачаТоваров,документ,{},https://1cfresh.com/a/ea/2244652,false,false,false
Document_ПередачаТоваров_ВозвратнаяТара,ПередачаТоваров_ВозвратнаяТара,Обнаружено сканером,Document_ПередачаТоваров_ВозвратнаяТара,документ,{},https://1cfresh.com/a/ea/2244652,false,false,false
Document_ПередачаТоваров_СведенияПрослеживаемости,ПередачаТоваров_СведенияПрослеживаемости,Обнаружено сканером,Document_ПередачаТоваров_СведенияПрослеживаемости,документ,{},https://1cfresh.com/a/ea/2244652,false,false,false
Document_ПередачаТоваров_Товары,ПередачаТоваров_Товары,Обнаружено сканером,Document_ПередачаТоваров_Товары,документ,{},https://1cfresh.com/a/ea/2244652,false,false,false
Document_ПередачаТоваров_ШтрихкодыУпаковок,ПередачаТоваров_ШтрихкодыУпаковок,Обнаружено сканером,Document_ПередачаТоваров_ШтрихкодыУпаковок,документ,{},https://1cfresh.com/a/ea/2244652,false,false,false
Document_ПеремещениеОС,ПеремещениеОС,Обнаружено сканером,Document_ПеремещениеОС,документ,{},https://1cfresh.com/a/ea/2244652,false,false,false
Document_ПеремещениеОС_ОС,ПеремещениеОС_ОС,Обнаружено сканером,Document_ПеремещениеОС_ОС,документ,{},https://1cfresh.com/a/ea/2244652,false,false,false
Document_ПеремещениеТоваров,ПеремещениеТоваров,Обнаружено сканером,Document_ПеремещениеТоваров,документ,{},https://1cfresh.com/a/ea/2244652,false,false,false
Document_ПеремещениеТоваров_ВозвратнаяТара,ПеремещениеТоваров_ВозвратнаяТара,Обнаружено сканером,Document_ПеремещениеТоваров_ВозвратнаяТара,документ,{},https://1cfresh.com/a/ea/2244652,false,false,false
Document_ПеремещениеТоваров_Материалы,ПеремещениеТоваров_Материалы,Обнаружено сканером,Document_ПеремещениеТоваров_Материалы,документ,{},https://1cfresh.com/a/ea/2244652,false,false,false
Document_ПеремещениеТоваров_МатериалыЗаказчика,ПеремещениеТоваров_МатериалыЗаказчика,Обнаружено сканером,Document_ПеремещениеТоваров_МатериалыЗаказчика,документ,{},https://1cfresh.com/a/ea/2244652,false,false,false
Document_ПеремещениеТоваров_Товары,ПеремещениеТоваров_Товары,Обнаружено сканером,Document_ПеремещениеТоваров_Товары,документ,{},https://1cfresh.com/a/ea/2244652,false,false,false
Document_ПеремещениеТоваров_ТоварыНаКомиссии,ПеремещениеТоваров_ТоварыНаКомиссии,Обнаружено сканером,Document_ПеремещениеТоваров_ТоварыНаКомиссии,документ,{},https://1cfresh.com/a/ea/2244652,false,false,false
Document_ПереоценкаТоваровВРознице,ПереоценкаТоваровВРознице,Обнаружено сканером,Document_ПереоценкаТоваровВРознице,документ,{},https://1cfresh.com/a/ea/2244652,false,false,false
Document_ПереоценкаТоваровВРознице_Товары,ПереоценкаТоваровВРознице_Товары,Обнаружено сканером,Document_ПереоценкаТоваровВРознице_Товары,документ,{},https://1cfresh.com/a/ea/2244652,false,false,false
Document_ПересортицаТоваров,ПересортицаТоваров,Обнаружено сканером,Document_ПересортицаТоваров,документ,{},https://1cfresh.com/a/ea/2244652,false,false,false
Document_ПересортицаТоваров_СведенияПрослеживаемости,ПересортицаТоваров_СведенияПрослеживаемости,Обнаружено сканером,Document_ПересортицаТоваров_СведенияПрослеживаемости,документ,{},https://1cfresh.com/a/ea/2244652,false,false,false
Document_ПересортицаТоваров_Товары,ПересортицаТоваров_Товары,Обнаружено сканером,Document_ПересортицаТоваров_Товары,документ,{},https://1cfresh.com/a/ea/2244652,false,false,false
Document_ПлатежноеТребование,ПлатежноеТребование,Обнаружено сканером,Document_ПлатежноеТребование,документ,{},https://1cfresh.com/a/ea/2244652,false,false,false
Document_ПодготовкаКПередачеОС,ПодготовкаКПередачеОС,Обнаружено сканером,Document_ПодготовкаКПередачеОС,документ,{},https://1cfresh.com/a/ea/2244652,false,false,false
Document_ПодготовкаКПередачеОС_ОС,ПодготовкаКПередачеОС_ОС,Обнаружено сканером,Document_ПодготовкаКПередачеОС_ОС,документ,{},https://1cfresh.com/a/ea/2244652,false,false,false
Document_ПодтверждениеНулевойСтавкиНДС,ПодтверждениеНулевойСтавкиНДС,Обнаружено сканером,Document_ПодтверждениеНулевойСтавкиНДС,документ,{},https://1cfresh.com/a/ea/2244652,false,false,false
Document_ПодтверждениеНулевойСтавкиНДС_КодыОперацийНалоговаяБаза,ПодтверждениеНулевойСтавкиНДС_КодыОперацийНалоговаяБаза,Обнаружено сканером,Document_ПодтверждениеНулевойСтавкиНДС_КодыОперацийНалоговаяБаза,документ,{},https://1cfresh.com/a/ea/2244652,false,false,false
Document_ПодтверждениеНулевойСтавкиНДС_Состав,ПодтверждениеНулевойСтавкиНДС_Состав,Обнаружено сканером,Document_ПодтверждениеНулевойСтавкиНДС_Состав,документ,{},https://1cfresh.com/a/ea/2244652,false,false,false
Document_ПодтверждениеОплатыНДСВБюджет,ПодтверждениеОплатыНДСВБюджет,Обнаружено сканером,Document_ПодтверждениеОплатыНДСВБюджет,документ,{},https://1cfresh.com/a/ea/2244652,false,false,false
Document_ПодтверждениеОплатыНДСВБюджет_Состав,ПодтверждениеОплатыНДСВБюджет_Состав,Обнаружено сканером,Document_ПодтверждениеОплатыНДСВБюджет_Состав,документ,{},https://1cfresh.com/a/ea/2244652,false,false,false
Document_ПоступлениеВАренду,ПоступлениеВАренду,Обнаружено сканером,Document_ПоступлениеВАренду,документ,{},https://1cfresh.com/a/ea/2244652,false,false,false
Document_ПоступлениеВАренду_ГрафикПлатежей,ПоступлениеВАренду_ГрафикПлатежей,Обнаружено сканером,Document_ПоступлениеВАренду_ГрафикПлатежей,документ,{},https://1cfresh.com/a/ea/2244652,false,false,false
Document_ПоступлениеВАренду_ПредметыАренды,ПоступлениеВАренду_ПредметыАренды,Обнаружено сканером,Document_ПоступлениеВАренду_ПредметыАренды,документ,{},https://1cfresh.com/a/ea/2244652,false,false,false
Document_ПоступлениеВАренду_ПредметыЛизинга,ПоступлениеВАренду_ПредметыЛизинга,Обнаружено сканером,Document_ПоступлениеВАренду_ПредметыЛизинга,документ,{},https://1cfresh.com/a/ea/2244652,false,false,false
Document_ПоступлениеДенежныхДокументов,ПоступлениеДенежныхДокументов,Обнаружено сканером,Document_ПоступлениеДенежныхДокументов,документ,{},https://1cfresh.com/a/ea/2244652,false,false,false
Document_ПоступлениеДенежныхДокументов_ДенежныеДокументы,ПоступлениеДенежныхДокументов_ДенежныеДокументы,Обнаружено сканером,Document_ПоступлениеДенежныхДокументов_ДенежныеДокументы,документ,{},https://1cfresh.com/a/ea/2244652,false,false,false
Document_ПоступлениеДопРасходов,ПоступлениеДопРасходов,Обнаружено сканером,Document_ПоступлениеДопРасходов,документ,{},https://1cfresh.com/a/ea/2244652,false,false,false
Document_ПоступлениеДопРасходов_ЗачетАвансов,ПоступлениеДопРасходов_ЗачетАвансов,Обнаружено сканером,Document_ПоступлениеДопРасходов_ЗачетАвансов,документ,{},https://1cfresh.com/a/ea/2244652,false,false,false
Document_ПоступлениеДопРасходов_Товары,ПоступлениеДопРасходов_Товары,Обнаружено сканером,Document_ПоступлениеДопРасходов_Товары,документ,{},https://1cfresh.com/a/ea/2244652,false,false,false
Document_ПоступлениеДопРасходов_ЧекиНПД,ПоступлениеДопРасходов_ЧекиНПД,Обнаружено сканером,Document_ПоступлениеДопРасходов_ЧекиНПД,документ,{},https://1cfresh.com/a/ea/2244652,false,false,false
Document_ПоступлениеИзПереработки,ПоступлениеИзПереработки,Обнаружено сканером,Document_ПоступлениеИзПереработки,документ,{},https://1cfresh.com/a/ea/2244652,false,false,false
Document_ПоступлениеИзПереработки_ВозвратнаяТара,ПоступлениеИзПереработки_ВозвратнаяТара,Обнаружено сканером,Document_ПоступлениеИзПереработки_ВозвратнаяТара,документ,{},https://1cfresh.com/a/ea/2244652,false,false,false
Document_ПоступлениеИзПереработки_ВозвращенныеМатериалы,ПоступлениеИзПереработки_ВозвращенныеМатериалы,Обнаружено сканером,Document_ПоступлениеИзПереработки_ВозвращенныеМатериалы,документ,{},https://1cfresh.com/a/ea/2244652,false,false,false
Document_ПоступлениеИзПереработки_ЗачетАвансов,ПоступлениеИзПереработки_ЗачетАвансов,Обнаружено сканером,Document_ПоступлениеИзПереработки_ЗачетАвансов,документ,{},https://1cfresh.com/a/ea/2244652,false,false,false
Document_ПоступлениеИзПереработки_ИспользованныеМатериалы,ПоступлениеИзПереработки_ИспользованныеМатериалы,Обнаружено сканером,Document_ПоступлениеИзПереработки_ИспользованныеМатериалы,документ,{},https://1cfresh.com/a/ea/2244652,false,false,false
Document_ПоступлениеИзПереработки_Продукция,ПоступлениеИзПереработки_Продукция,Обнаружено сканером,Document_ПоступлениеИзПереработки_Продукция,документ,{},https://1cfresh.com/a/ea/2244652,false,false,false
Document_ПоступлениеИзПереработки_СведенияПрослеживаемости,ПоступлениеИзПереработки_СведенияПрослеживаемости,Обнаружено сканером,Document_ПоступлениеИзПереработки_СведенияПрослеживаемости,документ,{},https://1cfresh.com/a/ea/2244652,false,false,false
Document_ПоступлениеИзПереработки_Услуги,ПоступлениеИзПереработки_Услуги,Обнаружено сканером,Document_ПоступлениеИзПереработки_Услуги,документ,{},https://1cfresh.com/a/ea/2244652,false,false,false
Document_ПоступлениеНМА,ПоступлениеНМА,Обнаружено сканером,Document_ПоступлениеНМА,документ,{},https://1cfresh.com/a/ea/2244652,false,false,false
Document_ПоступлениеНМА_ЗачетАвансов,ПоступлениеНМА_ЗачетАвансов,Обнаружено сканером,Document_ПоступлениеНМА_ЗачетАвансов,документ,{},https://1cfresh.com/a/ea/2244652,false,false,false
Document_ПоступлениеНМА_НематериальныеАктивы,ПоступлениеНМА_НематериальныеАктивы,Обнаружено сканером,Document_ПоступлениеНМА_НематериальныеАктивы,документ,{},https://1cfresh.com/a/ea/2244652,false,false,false
Document_ПоступлениеНаРасчетныйСчет_РазметкаАУСНБанка,ПоступлениеНаРасчетныйСчет_РазметкаАУСНБанка,Обнаружено сканером,Document_ПоступлениеНаРасчетныйСчет_РазметкаАУСНБанка,документ,{},https://1cfresh.com/a/ea/2244652,false,false,false
Document_ПоступлениеНаРасчетныйСчет_РасшифровкаПлатежа,ПоступлениеНаРасчетныйСчет_РасшифровкаПлатежа,Обнаружено сканером,Document_ПоступлениеНаРасчетныйСчет_РасшифровкаПлатежа,документ,{},https://1cfresh.com/a/ea/2244652,false,false,false
Document_ПоступлениеНаРасчетныйСчет_РеквизитыКонтрагента,ПоступлениеНаРасчетныйСчет_РеквизитыКонтрагента,Обнаружено сканером,Document_ПоступлениеНаРасчетныйСчет_РеквизитыКонтрагента,документ,{},https://1cfresh.com/a/ea/2244652,false,false,false
Document_ПоступлениеТоваровУслуг_АгентскиеУслуги,ПоступлениеТоваровУслуг_АгентскиеУслуги,Обнаружено сканером,Document_ПоступлениеТоваровУслуг_АгентскиеУслуги,документ,{},https://1cfresh.com/a/ea/2244652,false,false,false
Document_ПоступлениеТоваровУслуг_ВозвратнаяТара,ПоступлениеТоваровУслуг_ВозвратнаяТара,Обнаружено сканером,Document_ПоступлениеТоваровУслуг_ВозвратнаяТара,документ,{},https://1cfresh.com/a/ea/2244652,false,false,false
Document_ПоступлениеТоваровУслуг_ЗачетАвансов,ПоступлениеТоваровУслуг_ЗачетАвансов,Обнаружено сканером,Document_ПоступлениеТоваровУслуг_ЗачетАвансов,документ,{},https://1cfresh.com/a/ea/2244652,false,false,false
Document_ПоступлениеТоваровУслуг_Оборудование,ПоступлениеТоваровУслуг_Оборудование,Обнаружено сканером,Document_ПоступлениеТоваровУслуг_Оборудование,документ,{},https://1cfresh.com/a/ea/2244652,false,false,false
Document_ПоступлениеТоваровУслуг_ОбъектыСтроительства,ПоступлениеТоваровУслуг_ОбъектыСтроительства,Обнаружено сканером,Document_ПоступлениеТоваровУслуг_ОбъектыСтроительства,документ,{},https://1cfresh.com/a/ea/2244652,false,false,false
Document_ПоступлениеТоваровУслуг_ОсновныеСредства,ПоступлениеТоваровУслуг_ОсновныеСредства,Обнаружено сканером,Document_ПоступлениеТоваровУслуг_ОсновныеСредства,документ,{},https://1cfresh.com/a/ea/2244652,false,false,false
Document_ПоступлениеТоваровУслуг_Права,ПоступлениеТоваровУслуг_Права,Обнаружено сканером,Document_ПоступлениеТоваровУслуг_Права,документ,{},https://1cfresh.com/a/ea/2244652,false,false,false
Document_ПоступлениеТоваровУслуг_СведенияПрослеживаемости,ПоступлениеТоваровУслуг_СведенияПрослеживаемости,Обнаружено сканером,Document_ПоступлениеТоваровУслуг_СведенияПрослеживаемости,документ,{},https://1cfresh.com/a/ea/2244652,false,false,false
Document_ПоступлениеТоваровУслуг_Товары,ПоступлениеТоваровУслуг_Товары,Обнаружено сканером,Document_ПоступлениеТоваровУслуг_Товары,документ,{},https://1cfresh.com/a/ea/2244652,false,false,false
Document_ПоступлениеТоваровУслуг_Топливо,ПоступлениеТоваровУслуг_Топливо,Обнаружено сканером,Document_ПоступлениеТоваровУслуг_Топливо,документ,{},https://1cfresh.com/a/ea/2244652,false,false,false
Document_ПоступлениеТоваровУслуг_Услуги,ПоступлениеТоваровУслуг_Услуги,Обнаружено сканером,Document_ПоступлениеТоваровУслуг_Услуги,документ,{},https://1cfresh.com/a/ea/2244652,false,false,false
Document_ПоступлениеТоваровУслуг_ЧекиНПД,ПоступлениеТоваровУслуг_ЧекиНПД,Обнаружено сканером,Document_ПоступлениеТоваровУслуг_ЧекиНПД,документ,{},https://1cfresh.com/a/ea/2244652,false,false,false
Document_ПоступлениеТоваровУслуг_ШтрихкодыУпаковок,ПоступлениеТоваровУслуг_ШтрихкодыУпаковок,Обнаружено сканером,Document_ПоступлениеТоваровУслуг_ШтрихкодыУпаковок,документ,{},https://1cfresh.com/a/ea/2244652,false,false,false
Document_ПоясненияКДекларацииПоНДС,ПоясненияКДекларацииПоНДС,Обнаружено сканером,Document_ПоясненияКДекларацииПоНДС,документ,{},https://1cfresh.com/a/ea/2244652,false,false,false
Document_ПоясненияКДекларацииПоНДС_ВыставленныеСчетаФактурыНеплательщиковНДС,ПоясненияКДекларацииПоНДС_ВыставленныеСчетаФактурыНеплательщиковНДС,Обнаружено сканером,Document_ПоясненияКДекларацииПоНДС_ВыставленныеСчетаФактурыНеплательщиковНДС,документ,{},https://1cfresh.com/a/ea/2244652,false,false,false
Document_ПоясненияКДекларацииПоНДС_ДатыПринятияНаУчет,ПоясненияКДекларацииПоНДС_ДатыПринятияНаУчет,Обнаружено сканером,Document_ПоясненияКДекларацииПоНДС_ДатыПринятияНаУчет,документ,{},https://1cfresh.com/a/ea/2244652,false,false,false
Document_ПоясненияКДекларацииПоНДС_ДокументыОплаты,ПоясненияКДекларацииПоНДС_ДокументыОплаты,Обнаружено сканером,Document_ПоясненияКДекларацииПоНДС_ДокументыОплаты,документ,{},https://1cfresh.com/a/ea/2244652,false,false,false
Document_ПоясненияКДекларацииПоНДС_ЖурналУчетаВыставленныхСчетовФактур,ПоясненияКДекларацииПоНДС_ЖурналУчетаВыставленныхСчетовФактур,Обнаружено сканером,Document_ПоясненияКДекларацииПоНДС_ЖурналУчетаВыставленныхСчетовФактур,документ,{},https://1cfresh.com/a/ea/2244652,false,false,false
Document_ПоясненияКДекларацииПоНДС_ЖурналУчетаПолученныхСчетовФактур,ПоясненияКДекларацииПоНДС_ЖурналУчетаПолученныхСчетовФактур,Обнаружено сканером,Document_ПоясненияКДекларацииПоНДС_ЖурналУчетаПолученныхСчетовФактур,документ,{},https://1cfresh.com/a/ea/2244652,false,false,false
Document_ПоясненияКДекларацииПоНДС_КнигаПокупок,ПоясненияКДекларацииПоНДС_КнигаПокупок,Обнаружено сканером,Document_ПоясненияКДекларацииПоНДС_КнигаПокупок,документ,{},https://1cfresh.com/a/ea/2244652,false,false,false
Document_ПоясненияКДекларацииПоНДС_КнигаПокупокДл,ПоясненияКДекларацииПоНДС_КнигаПокупокДл,Обнаружено сканером,Document_ПоясненияКДекларацииПоНДС_КнигаПокупокДл,документ,{},https://1cfresh.com/a/ea/2244652,false,false,false
Document_ПоясненияКДекларацииПоНДС_КнигаПродаж,ПоясненияКДекларацииПоНДС_КнигаПродаж,Обнаружено сканером,Document_ПоясненияКДекларацииПоНДС_КнигаПродаж,документ,{},https://1cfresh.com/a/ea/2244652,false,false,false
Document_ПоясненияКДекларацииПоНДС_КнигаПродажДл,ПоясненияКДекларацииПоНДС_КнигаПродажДл,Обнаружено сканером,Document_ПоясненияКДекларацииПоНДС_КнигаПродажДл,документ,{},https://1cfresh.com/a/ea/2244652,false,false,false
Document_ПоясненияКДекларацииПоНДС_Контрагенты,ПоясненияКДекларацииПоНДС_Контрагенты,Обнаружено сканером,Document_ПоясненияКДекларацииПоНДС_Контрагенты,документ,{},https://1cfresh.com/a/ea/2244652,false,false,false
Document_ПоясненияКДекларацииПоНДС_НетКнигаПрод,ПоясненияКДекларацииПоНДС_НетКнигаПрод,Обнаружено сканером,Document_ПоясненияКДекларацииПоНДС_НетКнигаПрод,документ,{},https://1cfresh.com/a/ea/2244652,false,false,false
Document_ПоясненияКДекларацииПоНДС_ПосредническаяДеятельность,ПоясненияКДекларацииПоНДС_ПосредническаяДеятельность,Обнаружено сканером,Document_ПоясненияКДекларацииПоНДС_ПосредническаяДеятельность,документ,{},https://1cfresh.com/a/ea/2244652,false,false,false
Document_ПоясненияКДекларацииПоНДС_СведКС,ПоясненияКДекларацииПоНДС_СведКС,Обнаружено сканером,Document_ПоясненияКДекларацииПоНДС_СведКС,документ,{},https://1cfresh.com/a/ea/2244652,false,false,false
Document_ПоясненияКДекларацииПоНДС_СведенияСФВСчетРанееПолученнойОплаты,ПоясненияКДекларацииПоНДС_СведенияСФВСчетРанееПолученнойОплаты,Обнаружено сканером,Document_ПоясненияКДекларацииПоНДС_СведенияСФВСчетРанееПолученнойОплаты,документ,{},https://1cfresh.com/a/ea/2244652,false,false,false
Document_ПоясненияКДекларацииПоНДС_СведенияСФПродавца,ПоясненияКДекларацииПоНДС_СведенияСФПродавца,Обнаружено сканером,Document_ПоясненияКДекларацииПоНДС_СведенияСФПродавца,документ,{},https://1cfresh.com/a/ea/2244652,false,false,false
Document_ПрекращениеАренды,ПрекращениеАренды,Обнаружено сканером,Document_ПрекращениеАренды,документ,{},https://1cfresh.com/a/ea/2244652,false,false,false
Document_ПрекращениеАренды_ПредметыАренды,ПрекращениеАренды_ПредметыАренды,Обнаружено сканером,Document_ПрекращениеАренды_ПредметыАренды,документ,{},https://1cfresh.com/a/ea/2244652,false,false,false
Document_Премия,Премия,Обнаружено сканером,Document_Премия,документ,{},https://1cfresh.com/a/ea/2244652,false,false,false
Document_Премия_ДополнительныеРеквизиты,Премия_ДополнительныеРеквизиты,Обнаружено сканером,Document_Премия_ДополнительныеРеквизиты,документ,{},https://1cfresh.com/a/ea/2244652,false,false,false
Document_Премия_ЗависимыеНачисления,Премия_ЗависимыеНачисления,Обнаружено сканером,Document_Премия_ЗависимыеНачисления,документ,{},https://1cfresh.com/a/ea/2244652,false,false,false
Document_Премия_КорректировкиВыплаты,Премия_КорректировкиВыплаты,Обнаружено сканером,Document_Премия_КорректировкиВыплаты,документ,{},https://1cfresh.com/a/ea/2244652,false,false,false
Document_Премия_НДФЛ,Премия_НДФЛ,Обнаружено сканером,Document_Премия_НДФЛ,документ,{},https://1cfresh.com/a/ea/2244652,false,false,false
Document_Премия_Начисления,Премия_Начисления,Обнаружено сканером,Document_Премия_Начисления,документ,{},https://1cfresh.com/a/ea/2244652,false,false,false
Document_Премия_ПримененныеВычетыНаДетейИИмущественные,Премия_ПримененныеВычетыНаДетейИИмущественные,Обнаружено сканером,Document_Премия_ПримененныеВычетыНаДетейИИмущественные,документ,{},https://1cfresh.com/a/ea/2244652,false,false,false
Document_Премия_Сотрудники,Премия_Сотрудники,Обнаружено сканером,Document_Премия_Сотрудники,документ,{},https://1cfresh.com/a/ea/2244652,false,false,false
Document_Премия_Удержания,Премия_Удержания,Обнаружено сканером,Document_Премия_Удержания,документ,{},https://1cfresh.com/a/ea/2244652,false,false,false
Document_Премия_ФизическиеЛица,Премия_ФизическиеЛица,Обнаружено сканером,Document_Премия_ФизическиеЛица,документ,{},https://1cfresh.com/a/ea/2244652,false,false,false
Document_ПринятиеКУчетуНМА,ПринятиеКУчетуНМА,Обнаружено сканером,Document_ПринятиеКУчетуНМА,документ,{},https://1cfresh.com/a/ea/2244652,false,false,false
Document_ПринятиеКУчетуНМА_ОплатаНМА,ПринятиеКУчетуНМА_ОплатаНМА,Обнаружено сканером,Document_ПринятиеКУчетуНМА_ОплатаНМА,документ,{},https://1cfresh.com/a/ea/2244652,false,false,false
Document_ПринятиеКУчетуОС,ПринятиеКУчетуОС,Обнаружено сканером,Document_ПринятиеКУчетуОС,документ,{},https://1cfresh.com/a/ea/2244652,false,false,false
Document_ПринятиеКУчетуОС_ОС,ПринятиеКУчетуОС_ОС,Обнаружено сканером,Document_ПринятиеКУчетуОС_ОС,документ,{},https://1cfresh.com/a/ea/2244652,false,false,false
Document_ПринятиеКУчетуОС_Оплата,ПринятиеКУчетуОС_Оплата,Обнаружено сканером,Document_ПринятиеКУчетуОС_Оплата,документ,{},https://1cfresh.com/a/ea/2244652,false,false,false
Document_ПринятиеКУчетуОС_СведенияПрослеживаемости,ПринятиеКУчетуОС_СведенияПрослеживаемости,Обнаружено сканером,Document_ПринятиеКУчетуОС_СведенияПрослеживаемости,документ,{},https://1cfresh.com/a/ea/2244652,false,false,false
Document_ПриходныйКассовыйОрдер_РасшифровкаПлатежа,ПриходныйКассовыйОрдер_РасшифровкаПлатежа,Обнаружено сканером,Document_ПриходныйКассовыйОрдер_РасшифровкаПлатежа,документ,{},https://1cfresh.com/a/ea/2244652,false,false,false
Document_ПутевойЛист,ПутевойЛист,Обнаружено сканером,Document_ПутевойЛист,документ,{},https://1cfresh.com/a/ea/2244652,false,false,false
Document_ПутевойЛист_Маршрут,ПутевойЛист_Маршрут,Обнаружено сканером,Document_ПутевойЛист_Маршрут,документ,{},https://1cfresh.com/a/ea/2244652,false,false,false
Document_ПутевойЛист_Топливо,ПутевойЛист_Топливо,Обнаружено сканером,Document_ПутевойЛист_Топливо,документ,{},https://1cfresh.com/a/ea/2244652,false,false,false
Document_РаспределениеНДС,РаспределениеНДС,Обнаружено сканером,Document_РаспределениеНДС,документ,{},https://1cfresh.com/a/ea/2244652,false,false,false
Document_РаспределениеНДС_РаспределяемыйНДС,РаспределениеНДС_РаспределяемыйНДС,Обнаружено сканером,Document_РаспределениеНДС_РаспределяемыйНДС,документ,{},https://1cfresh.com/a/ea/2244652,false,false,false
Document_РаспределениеНДС_СоставКосвенныхРасходов,РаспределениеНДС_СоставКосвенныхРасходов,Обнаружено сканером,Document_РаспределениеНДС_СоставКосвенныхРасходов,документ,{},https://1cfresh.com/a/ea/2244652,false,false,false
Document_РаспределениеНДС_СчетаУчетаРасходов,РаспределениеНДС_СчетаУчетаРасходов,Обнаружено сканером,Document_РаспределениеНДС_СчетаУчетаРасходов,документ,{},https://1cfresh.com/a/ea/2244652,false,false,false
Document_РасходныйКассовыйОрдер_ВыплатаДепонентов,РасходныйКассовыйОрдер_ВыплатаДепонентов,Обнаружено сканером,Document_РасходныйКассовыйОрдер_ВыплатаДепонентов,документ,{},https://1cfresh.com/a/ea/2244652,false,false,false
Document_РасходныйКассовыйОрдер_ВыплатаЗаработнойПлаты,РасходныйКассовыйОрдер_ВыплатаЗаработнойПлаты,Обнаружено сканером,Document_РасходныйКассовыйОрдер_ВыплатаЗаработнойПлаты,документ,{},https://1cfresh.com/a/ea/2244652,false,false,false
Document_РасходныйКассовыйОрдер_НалоговыйАгентНДС,РасходныйКассовыйОрдер_НалоговыйАгентНДС,Обнаружено сканером,Document_РасходныйКассовыйОрдер_НалоговыйАгентНДС,документ,{},https://1cfresh.com/a/ea/2244652,false,false,false
Document_РасходныйКассовыйОрдер_РасшифровкаПлатежа,РасходныйКассовыйОрдер_РасшифровкаПлатежа,Обнаружено сканером,Document_РасходныйКассовыйОрдер_РасшифровкаПлатежа,документ,{},https://1cfresh.com/a/ea/2244652,false,false,false
Document_РеализацияОтгруженныхТоваров,РеализацияОтгруженныхТоваров,Обнаружено сканером,Document_РеализацияОтгруженныхТоваров,документ,{},https://1cfresh.com/a/ea/2244652,false,false,false
Document_РеализацияОтгруженныхТоваров_ЗачетАвансов,РеализацияОтгруженныхТоваров_ЗачетАвансов,Обнаружено сканером,Document_РеализацияОтгруженныхТоваров_ЗачетАвансов,документ,{},https://1cfresh.com/a/ea/2244652,false,false,false
Document_РеализацияОтгруженныхТоваров_Товары,РеализацияОтгруженныхТоваров_Товары,Обнаружено сканером,Document_РеализацияОтгруженныхТоваров_Товары,документ,{},https://1cfresh.com/a/ea/2244652,false,false,false
Document_РеализацияТоваровУслуг_АгентскиеУслуги,РеализацияТоваровУслуг_АгентскиеУслуги,Обнаружено сканером,Document_РеализацияТоваровУслуг_АгентскиеУслуги,документ,{},https://1cfresh.com/a/ea/2244652,false,false,false
Document_РеализацияТоваровУслуг_ВозвратнаяТара,РеализацияТоваровУслуг_ВозвратнаяТара,Обнаружено сканером,Document_РеализацияТоваровУслуг_ВозвратнаяТара,документ,{},https://1cfresh.com/a/ea/2244652,false,false,false
Document_РеализацияТоваровУслуг_ЗачетАвансов,РеализацияТоваровУслуг_ЗачетАвансов,Обнаружено сканером,Document_РеализацияТоваровУслуг_ЗачетАвансов,документ,{},https://1cfresh.com/a/ea/2244652,false,false,false
Document_РеализацияТоваровУслуг_СведенияПрослеживаемости,РеализацияТоваровУслуг_СведенияПрослеживаемости,Обнаружено сканером,Document_РеализацияТоваровУслуг_СведенияПрослеживаемости,документ,{},https://1cfresh.com/a/ea/2244652,false,false,false
Document_РеализацияТоваровУслуг_Смета,РеализацияТоваровУслуг_Смета,Обнаружено сканером,Document_РеализацияТоваровУслуг_Смета,документ,{},https://1cfresh.com/a/ea/2244652,false,false,false
Document_РеализацияТоваровУслуг_Товары,РеализацияТоваровУслуг_Товары,Обнаружено сканером,Document_РеализацияТоваровУслуг_Товары,документ,{},https://1cfresh.com/a/ea/2244652,false,false,false
Document_РеализацияТоваровУслуг_Услуги,РеализацияТоваровУслуг_Услуги,Обнаружено сканером,Document_РеализацияТоваровУслуг_Услуги,документ,{},https://1cfresh.com/a/ea/2244652,false,false,false
Document_РеализацияТоваровУслуг_ШтрихкодыУпаковок,РеализацияТоваровУслуг_ШтрихкодыУпаковок,Обнаружено сканером,Document_РеализацияТоваровУслуг_ШтрихкодыУпаковок,документ,{},https://1cfresh.com/a/ea/2244652,false,false,false
Document_РеализацияУслугПоПереработке,РеализацияУслугПоПереработке,Обнаружено сканером,Document_РеализацияУслугПоПереработке,документ,{},https://1cfresh.com/a/ea/2244652,false,false,false
Document_РеализацияУслугПоПереработке_ЗачетАвансов,РеализацияУслугПоПереработке_ЗачетАвансов,Обнаружено сканером,Document_РеализацияУслугПоПереработке_ЗачетАвансов,документ,{},https://1cfresh.com/a/ea/2244652,false,false,false
Document_РеализацияУслугПоПереработке_МатериалыЗаказчика,РеализацияУслугПоПереработке_МатериалыЗаказчика,Обнаружено сканером,Document_РеализацияУслугПоПереработке_МатериалыЗаказчика,документ,{},https://1cfresh.com/a/ea/2244652,false,false,false
Document_РеализацияУслугПоПереработке_Услуги,РеализацияУслугПоПереработке_Услуги,Обнаружено сканером,Document_РеализацияУслугПоПереработке_Услуги,документ,{},https://1cfresh.com/a/ea/2244652,false,false,false
Document_РегламентированныйОтчет,РегламентированныйОтчет,Обнаружено сканером,Document_РегламентированныйОтчет,документ,{},https://1cfresh.com/a/ea/2244652,false,false,false
Document_РегламентнаяОперация,РегламентнаяОперация,Обнаружено сканером,Document_РегламентнаяОперация,документ,{},https://1cfresh.com/a/ea/2244652,false,false,false
Document_РегламентнаяОперация_УдалитьОшибки,РегламентнаяОперация_УдалитьОшибки,Обнаружено сканером,Document_РегламентнаяОперация_УдалитьОшибки,документ,{},https://1cfresh.com/a/ea/2244652,false,false,false
Document_РеестрСЗВ_6_2,РеестрСЗВ_6_2,Обнаружено сканером,Document_РеестрСЗВ_6_2,документ,{},https://1cfresh.com/a/ea/2244652,false,false,false
Document_РеестрСЗВ_6_2_ДополнительныеРеквизиты,РеестрСЗВ_6_2_ДополнительныеРеквизиты,Обнаружено сканером,Document_РеестрСЗВ_6_2_ДополнительныеРеквизиты,документ,{},https://1cfresh.com/a/ea/2244652,false,false,false
Document_РеестрСЗВ_6_2_ЗаписиОСтаже,РеестрСЗВ_6_2_ЗаписиОСтаже,Обнаружено сканером,Document_РеестрСЗВ_6_2_ЗаписиОСтаже,документ,{},https://1cfresh.com/a/ea/2244652,false,false,false
Document_РеестрСЗВ_6_2_Сотрудники,РеестрСЗВ_6_2_Сотрудники,Обнаружено сканером,Document_РеестрСЗВ_6_2_Сотрудники,документ,{},https://1cfresh.com/a/ea/2244652,false,false,false
Document_РеестрСЗВ_6_2_ФизическиеЛица,РеестрСЗВ_6_2_ФизическиеЛица,Обнаружено сканером,Document_РеестрСЗВ_6_2_ФизическиеЛица,документ,{},https://1cfresh.com/a/ea/2244652,false,false,false
Document_РезервыПоОплатеТруда,РезервыПоОплатеТруда,Обнаружено сканером,Document_РезервыПоОплатеТруда,документ,{},https://1cfresh.com/a/ea/2244652,false,false,false
Document_РезервыПоОплатеТруда_Взносы,РезервыПоОплатеТруда_Взносы,Обнаружено сканером,Document_РезервыПоОплатеТруда_Взносы,документ,{},https://1cfresh.com/a/ea/2244652,false,false,false
Document_РезервыПоОплатеТруда_ДополнительныеРеквизиты,РезервыПоОплатеТруда_ДополнительныеРеквизиты,Обнаружено сканером,Document_РезервыПоОплатеТруда_ДополнительныеРеквизиты,документ,{},https://1cfresh.com/a/ea/2244652,false,false,false
Document_РезервыПоОплатеТруда_Начисления,РезервыПоОплатеТруда_Начисления,Обнаружено сканером,Document_РезервыПоОплатеТруда_Начисления,документ,{},https://1cfresh.com/a/ea/2244652,false,false,false
Document_РезервыПоОплатеТруда_ОценочныеОбязательства,РезервыПоОплатеТруда_ОценочныеОбязательства,Обнаружено сканером,Document_РезервыПоОплатеТруда_ОценочныеОбязательства,документ,{},https://1cfresh.com/a/ea/2244652,false,false,false
Document_РезервыПоОплатеТруда_ОценочныеОбязательстваПоСотрудникам,РезервыПоОплатеТруда_ОценочныеОбязательстваПоСотрудникам,Обнаружено сканером,Document_РезервыПоОплатеТруда_ОценочныеОбязательстваПоСотрудникам,документ,{},https://1cfresh.com/a/ea/2244652,false,false,false
Document_РезервыПоОплатеТруда_Показатели,РезервыПоОплатеТруда_Показатели,Обнаружено сканером,Document_РезервыПоОплатеТруда_Показатели,документ,{},https://1cfresh.com/a/ea/2244652,false,false,false
Document_РезервыПоОплатеТруда_РасчетРезервов,РезервыПоОплатеТруда_РасчетРезервов,Обнаружено сканером,Document_РезервыПоОплатеТруда_РасчетРезервов,документ,{},https://1cfresh.com/a/ea/2244652,false,false,false
Document_РезервыПоОплатеТруда_ФизическиеЛица,РезервыПоОплатеТруда_ФизическиеЛица,Обнаружено сканером,Document_РезервыПоОплатеТруда_ФизическиеЛица,документ,{},https://1cfresh.com/a/ea/2244652,false,false,false
Document_СведенияОбУдержанномНДФЛ,СведенияОбУдержанномНДФЛ,Обнаружено сканером,Document_СведенияОбУдержанномНДФЛ,документ,{},https://1cfresh.com/a/ea/2244652,false,false,false
Document_СведенияОбУдержанномНДФЛ_НДФЛ,СведенияОбУдержанномНДФЛ_НДФЛ,Обнаружено сканером,Document_СведенияОбУдержанномНДФЛ_НДФЛ,документ,{},https://1cfresh.com/a/ea/2244652,false,false,false
Document_СведенияОбУплатеНалогов,СведенияОбУплатеНалогов,Обнаружено сканером,Document_СведенияОбУплатеНалогов,документ,{},https://1cfresh.com/a/ea/2244652,false,false,false
Document_СведенияОбУплатеНалогов_Сведения,СведенияОбУплатеНалогов_Сведения,Обнаружено сканером,Document_СведенияОбУплатеНалогов_Сведения,документ,{},https://1cfresh.com/a/ea/2244652,false,false,false
Document_СписаниеМатериаловИзЭксплуатации_ИнвентарьИХозяйственныеПринадлежности,СписаниеМатериаловИзЭксплуатации_ИнвентарьИХозяйственныеПринадлежности,Обнаружено сканером,Document_СписаниеМатериаловИзЭксплуатации_ИнвентарьИХозяйственныеПринадлежности,документ,{},https://1cfresh.com/a/ea/2244652,false,false,false
Document_СписаниеМатериаловИзЭксплуатации_СведенияПрослеживаемости,СписаниеМатериаловИзЭксплуатации_СведенияПрослеживаемости,Обнаружено сканером,Document_СписаниеМатериаловИзЭксплуатации_СведенияПрослеживаемости,документ,{},https://1cfresh.com/a/ea/2244652,false,false,false
Document_СписаниеМатериаловИзЭксплуатации_Спецодежда,СписаниеМатериаловИзЭксплуатации_Спецодежда,Обнаружено сканером,Document_СписаниеМатериаловИзЭксплуатации_Спецодежда,документ,{},https://1cfresh.com/a/ea/2244652,false,false,false
Document_СписаниеМатериаловИзЭксплуатации_Спецоснастка,СписаниеМатериаловИзЭксплуатации_Спецоснастка,Обнаружено сканером,Document_СписаниеМатериаловИзЭксплуатации_Спецоснастка,документ,{},https://1cfresh.com/a/ea/2244652,false,false,false
Document_СписаниеНДС,СписаниеНДС,Обнаружено сканером,Document_СписаниеНДС,документ,{},https://1cfresh.com/a/ea/2244652,false,false,false
Document_СписаниеНДС_АвансыПолученные,СписаниеНДС_АвансыПолученные,Обнаружено сканером,Document_СписаниеНДС_АвансыПолученные,документ,{},https://1cfresh.com/a/ea/2244652,false,false,false
Document_СписаниеНДС_Состав,СписаниеНДС_Состав,Обнаружено сканером,Document_СписаниеНДС_Состав,документ,{},https://1cfresh.com/a/ea/2244652,false,false,false
Document_СписаниеНМА,СписаниеНМА,Обнаружено сканером,Document_СписаниеНМА,документ,{},https://1cfresh.com/a/ea/2244652,false,false,false
Document_СписаниеОС,СписаниеОС,Обнаружено сканером,Document_СписаниеОС,документ,{},https://1cfresh.com/a/ea/2244652,false,false,false
Document_СписаниеОС_ОС,СписаниеОС_ОС,Обнаружено сканером,Document_СписаниеОС_ОС,документ,{},https://1cfresh.com/a/ea/2244652,false,false,false
Document_СписаниеОС_СведенияПрослеживаемости,СписаниеОС_СведенияПрослеживаемости,Обнаружено сканером,Document_СписаниеОС_СведенияПрослеживаемости,документ,{},https://1cfresh.com/a/ea/2244652,false,false,false
Document_СписаниеОС_ЦенностиОтВыбытия,СписаниеОС_ЦенностиОтВыбытия,Обнаружено сканером,Document_СписаниеОС_ЦенностиОтВыбытия,документ,{},https://1cfresh.com/a/ea/2244652,false,false,false
Document_СписаниеСРасчетногоСчета_НалоговыйАгентНДС,СписаниеСРасчетногоСчета_НалоговыйАгентНДС,Обнаружено сканером,Document_СписаниеСРасчетногоСчета_НалоговыйАгентНДС,документ,{},https://1cfresh.com/a/ea/2244652,false,false,false
Document_СписаниеСРасчетногоСчета_ПеречислениеДепонентов,СписаниеСРасчетногоСчета_ПеречислениеДепонентов,Обнаружено сканером,Document_СписаниеСРасчетногоСчета_ПеречислениеДепонентов,документ,{},https://1cfresh.com/a/ea/2244652,false,false,false
Document_СписаниеСРасчетногоСчета_ПеречислениеЗаработнойПлаты,СписаниеСРасчетногоСчета_ПеречислениеЗаработнойПлаты,Обнаружено сканером,Document_СписаниеСРасчетногоСчета_ПеречислениеЗаработнойПлаты,документ,{},https://1cfresh.com/a/ea/2244652,false,false,false
Document_СписаниеСРасчетногоСчета_ПеречислениеНДФЛ,СписаниеСРасчетногоСчета_ПеречислениеНДФЛ,Обнаружено сканером,Document_СписаниеСРасчетногоСчета_ПеречислениеНДФЛ,документ,{},https://1cfresh.com/a/ea/2244652,false,false,false
Document_СписаниеСРасчетногоСчета_РазметкаАУСНБанка,СписаниеСРасчетногоСчета_РазметкаАУСНБанка,Обнаружено сканером,Document_СписаниеСРасчетногоСчета_РазметкаАУСНБанка,документ,{},https://1cfresh.com/a/ea/2244652,false,false,false
Document_СписаниеСРасчетногоСчета_РасшифровкаПлатежа,СписаниеСРасчетногоСчета_РасшифровкаПлатежа,Обнаружено сканером,Document_СписаниеСРасчетногоСчета_РасшифровкаПлатежа,документ,{},https://1cfresh.com/a/ea/2244652,false,false,false
Document_СписаниеСРасчетногоСчета_РеквизитыКонтрагента,СписаниеСРасчетногоСчета_РеквизитыКонтрагента,Обнаружено сканером,Document_СписаниеСРасчетногоСчета_РеквизитыКонтрагента,документ,{},https://1cfresh.com/a/ea/2244652,false,false,false
Document_СписаниеТоваров_ВозвратнаяТара,СписаниеТоваров_ВозвратнаяТара,Обнаружено сканером,Document_СписаниеТоваров_ВозвратнаяТара,документ,{},https://1cfresh.com/a/ea/2244652,false,false,false
Document_СписаниеТоваров_Материалы,СписаниеТоваров_Материалы,Обнаружено сканером,Document_СписаниеТоваров_Материалы,документ,{},https://1cfresh.com/a/ea/2244652,false,false,false
Document_СписаниеТоваров_СведенияПрослеживаемости,СписаниеТоваров_СведенияПрослеживаемости,Обнаружено сканером,Document_СписаниеТоваров_СведенияПрослеживаемости,документ,{},https://1cfresh.com/a/ea/2244652,false,false,false
Document_СписаниеТоваров_Товары,СписаниеТоваров_Товары,Обнаружено сканером,Document_СписаниеТоваров_Товары,документ,{},https://1cfresh.com/a/ea/2244652,false,false,false
Document_СчетНаОплатуПокупателю_ВозвратнаяТара,СчетНаОплатуПокупателю_ВозвратнаяТара,Обнаружено сканером,Document_СчетНаОплатуПокупателю_ВозвратнаяТара,документ,{},https://1cfresh.com/a/ea/2244652,false,false,false
Document_СчетНаОплатуПокупателю_РеквизитыКодаДляОплаты,СчетНаОплатуПокупателю_РеквизитыКодаДляОплаты,Обнаружено сканером,Document_СчетНаОплатуПокупателю_РеквизитыКодаДляОплаты,документ,{},https://1cfresh.com/a/ea/2244652,false,false,false
Document_СчетНаОплатуПокупателю_Товары,СчетНаОплатуПокупателю_Товары,Обнаружено сканером,Document_СчетНаОплатуПокупателю_Товары,документ,{},https://1cfresh.com/a/ea/2244652,false,false,false
Document_СчетНаОплатуПокупателю_УдалитьУслуги,СчетНаОплатуПокупателю_УдалитьУслуги,Обнаружено сканером,Document_СчетНаОплатуПокупателю_УдалитьУслуги,документ,{},https://1cfresh.com/a/ea/2244652,false,false,false
Document_СчетНаОплатуПоставщика,СчетНаОплатуПоставщика,Обнаружено сканером,Document_СчетНаОплатуПоставщика,документ,{},https://1cfresh.com/a/ea/2244652,false,false,false
Document_СчетНаОплатуПоставщика_ВозвратнаяТара,СчетНаОплатуПоставщика_ВозвратнаяТара,Обнаружено сканером,Document_СчетНаОплатуПоставщика_ВозвратнаяТара,документ,{},https://1cfresh.com/a/ea/2244652,false,false,false
Document_СчетНаОплатуПоставщика_Товары,СчетНаОплатуПоставщика_Товары,Обнаружено сканером,Document_СчетНаОплатуПоставщика_Товары,документ,{},https://1cfresh.com/a/ea/2244652,false,false,false
Document_СчетНаОплатуПоставщика_УдалитьУслуги,СчетНаОплатуПоставщика_УдалитьУслуги,Обнаружено сканером,Document_СчетНаОплатуПоставщика_УдалитьУслуги,документ,{},https://1cfresh.com/a/ea/2244652,false,false,false
Document_СчетФактураВыданный_Авансы,СчетФактураВыданный_Авансы,Обнаружено сканером,Document_СчетФактураВыданный_Авансы,документ,{},https://1cfresh.com/a/ea/2244652,false,false,false
Document_СчетФактураВыданный_ДокументыОбОтгрузке,СчетФактураВыданный_ДокументыОбОтгрузке,Обнаружено сканером,Document_СчетФактураВыданный_ДокументыОбОтгрузке,документ,{},https://1cfresh.com/a/ea/2244652,false,false,false
Document_СчетФактураВыданный_ДокументыОснования,СчетФактураВыданный_ДокументыОснования,Обнаружено сканером,Document_СчетФактураВыданный_ДокументыОснования,документ,{},https://1cfresh.com/a/ea/2244652,false,false,false
Document_СчетФактураВыданный_КорректируемыеНомераСтрок,СчетФактураВыданный_КорректируемыеНомераСтрок,Обнаружено сканером,Document_СчетФактураВыданный_КорректируемыеНомераСтрок,документ,{},https://1cfresh.com/a/ea/2244652,false,false,false
Document_СчетФактураВыданный_ПлатежноРасчетныеДокументы,СчетФактураВыданный_ПлатежноРасчетныеДокументы,Обнаружено сканером,Document_СчетФактураВыданный_ПлатежноРасчетныеДокументы,документ,{},https://1cfresh.com/a/ea/2244652,false,false,false
Document_СчетФактураПолученный_Авансы,СчетФактураПолученный_Авансы,Обнаружено сканером,Document_СчетФактураПолученный_Авансы,документ,{},https://1cfresh.com/a/ea/2244652,false,false,false
Document_СчетФактураПолученный_ДокументыОбОтгрузке,СчетФактураПолученный_ДокументыОбОтгрузке,Обнаружено сканером,Document_СчетФактураПолученный_ДокументыОбОтгрузке,документ,{},https://1cfresh.com/a/ea/2244652,false,false,false
Document_СчетФактураПолученный_ДокументыОснования,СчетФактураПолученный_ДокументыОснования,Обнаружено сканером,Document_СчетФактураПолученный_ДокументыОснования,документ,{},https://1cfresh.com/a/ea/2244652,false,false,false
Document_СчетФактураПолученный_КорректируемыеНомераСтрок,СчетФактураПолученный_КорректируемыеНомераСтрок,Обнаружено сканером,Document_СчетФактураПолученный_КорректируемыеНомераСтрок,документ,{},https://1cfresh.com/a/ea/2244652,false,false,false
Document_СчетФактураПолученный_ПлатежноРасчетныеДокументы,СчетФактураПолученный_ПлатежноРасчетныеДокументы,Обнаружено сканером,Document_СчетФактураПолученный_ПлатежноРасчетныеДокументы,документ,{},https://1cfresh.com/a/ea/2244652,false,false,false
Document_СчетФактураПолученный_Продавцы,СчетФактураПолученный_Продавцы,Обнаружено сканером,Document_СчетФактураПолученный_Продавцы,документ,{},https://1cfresh.com/a/ea/2244652,false,false,false
Document_СчетФактураПолученный_СчетаФактурыВыданныеПокупателям,СчетФактураПолученный_СчетаФактурыВыданныеПокупателям,Обнаружено сканером,Document_СчетФактураПолученный_СчетаФактурыВыданныеПокупателям,документ,{},https://1cfresh.com/a/ea/2244652,false,false,false
Document_ТребованиеНакладная_Материалы,ТребованиеНакладная_Материалы,Обнаружено сканером,Document_ТребованиеНакладная_Материалы,документ,{},https://1cfresh.com/a/ea/2244652,false,false,false
Document_ТребованиеНакладная_МатериалыЗаказчика,ТребованиеНакладная_МатериалыЗаказчика,Обнаружено сканером,Document_ТребованиеНакладная_МатериалыЗаказчика,документ,{},https://1cfresh.com/a/ea/2244652,false,false,false
Document_ТребованиеНакладная_СведенияПрослеживаемости,ТребованиеНакладная_СведенияПрослеживаемости,Обнаружено сканером,Document_ТребованиеНакладная_СведенияПрослеживаемости,документ,{},https://1cfresh.com/a/ea/2244652,false,false,false
Document_ТребованиеНакладная_СоставКомиссии,ТребованиеНакладная_СоставКомиссии,Обнаружено сканером,Document_ТребованиеНакладная_СоставКомиссии,документ,{},https://1cfresh.com/a/ea/2244652,false,false,false
Document_УведомлениеОВвозеПрослеживаемыхТоваров,УведомлениеОВвозеПрослеживаемыхТоваров,Обнаружено сканером,Document_УведомлениеОВвозеПрослеживаемыхТоваров,документ,{},https://1cfresh.com/a/ea/2244652,false,false,false
Document_УведомлениеОВвозеПрослеживаемыхТоваров_Товары,УведомлениеОВвозеПрослеживаемыхТоваров_Товары,Обнаружено сканером,Document_УведомлениеОВвозеПрослеживаемыхТоваров_Товары,документ,{},https://1cfresh.com/a/ea/2244652,false,false,false
Document_УведомлениеОПеремещенииПрослеживаемыхТоваров,УведомлениеОПеремещенииПрослеживаемыхТоваров,Обнаружено сканером,Document_УведомлениеОПеремещенииПрослеживаемыхТоваров,документ,{},https://1cfresh.com/a/ea/2244652,false,false,false
Document_УведомлениеОПеремещенииПрослеживаемыхТоваров_Контрагенты,УведомлениеОПеремещенииПрослеживаемыхТоваров_Контрагенты,Обнаружено сканером,Document_УведомлениеОПеремещенииПрослеживаемыхТоваров_Контрагенты,документ,{},https://1cfresh.com/a/ea/2244652,false,false,false
Document_УведомлениеОПеремещенииПрослеживаемыхТоваров_КорректировочныеДокументы,УведомлениеОПеремещенииПрослеживаемыхТоваров_КорректировочныеДокументы,Обнаружено сканером,Document_УведомлениеОПеремещенииПрослеживаемыхТоваров_КорректировочныеДокументы,документ,{},https://1cfresh.com/a/ea/2244652,false,false,false
Document_УведомлениеОПеремещенииПрослеживаемыхТоваров_Товары,УведомлениеОПеремещенииПрослеживаемыхТоваров_Товары,Обнаружено сканером,Document_УведомлениеОПеремещенииПрослеживаемыхТоваров_Товары,документ,{},https://1cfresh.com/a/ea/2244652,false,false,false
Document_УведомлениеОПеремещенииПрослеживаемыхТоваров_ТранзитныеСтраныЕАЭС,УведомлениеОПеремещенииПрослеживаемыхТоваров_ТранзитныеСтраныЕАЭС,Обнаружено сканером,Document_УведомлениеОПеремещенииПрослеживаемыхТоваров_ТранзитныеСтраныЕАЭС,документ,{},https://1cfresh.com/a/ea/2244652,false,false,false
Document_УведомлениеОПолучателеДокументов,УведомлениеОПолучателеДокументов,Обнаружено сканером,Document_УведомлениеОПолучателеДокументов,документ,{},https://1cfresh.com/a/ea/2244652,false,false,false
Document_УведомлениеОПолучателеДокументов_ДолжностныеЛицаПолучателяДокументов,УведомлениеОПолучателеДокументов_ДолжностныеЛицаПолучателяДокументов,Обнаружено сканером,Document_УведомлениеОПолучателеДокументов_ДолжностныеЛицаПолучателяДокументов,документ,{},https://1cfresh.com/a/ea/2244652,false,false,false
Document_УведомлениеОПредоставленииПолномочийПредставителю,УведомлениеОПредоставленииПолномочийПредставителю,Обнаружено сканером,Document_УведомлениеОПредоставленииПолномочийПредставителю,документ,{},https://1cfresh.com/a/ea/2244652,false,false,false
Document_УведомлениеОПредоставленииПолномочийПредставителю_КонтактнаяИнформация,УведомлениеОПредоставленииПолномочийПредставителю_КонтактнаяИнформация,Обнаружено сканером,Document_УведомлениеОПредоставленииПолномочийПредставителю_КонтактнаяИнформация,документ,{},https://1cfresh.com/a/ea/2244652,false,false,false
Document_УведомлениеОПредоставленииПолномочийПредставителю_РеквизитыСубъектов,УведомлениеОПредоставленииПолномочийПредставителю_РеквизитыСубъектов,Обнаружено сканером,Document_УведомлениеОПредоставленииПолномочийПредставителю_РеквизитыСубъектов,документ,{},https://1cfresh.com/a/ea/2244652,false,false,false
Document_УведомлениеОПредоставленииПолномочийПредставителю_ФИО,УведомлениеОПредоставленииПолномочийПредставителю_ФИО,Обнаружено сканером,Document_УведомлениеОПредоставленииПолномочийПредставителю_ФИО,документ,{},https://1cfresh.com/a/ea/2244652,false,false,false
Document_УведомлениеОПрекращенииПолномочийПредставителя,УведомлениеОПрекращенииПолномочийПредставителя,Обнаружено сканером,Document_УведомлениеОПрекращенииПолномочийПредставителя,документ,{},https://1cfresh.com/a/ea/2244652,false,false,false
Document_УведомлениеОПрекращенииПолномочийПредставителя_КонтактнаяИнформация,УведомлениеОПрекращенииПолномочийПредставителя_КонтактнаяИнформация,Обнаружено сканером,Document_УведомлениеОПрекращенииПолномочийПредставителя_КонтактнаяИнформация,документ,{},https://1cfresh.com/a/ea/2244652,false,false,false
Document_УведомлениеОПрекращенииПолномочийПредставителя_РеквизитыСубъектов,УведомлениеОПрекращенииПолномочийПредставителя_РеквизитыСубъектов,Обнаружено сканером,Document_УведомлениеОПрекращенииПолномочийПредставителя_РеквизитыСубъектов,документ,{},https://1cfresh.com/a/ea/2244652,false,false,false
Document_УведомлениеОПрекращенииПолномочийПредставителя_ФИО,УведомлениеОПрекращенииПолномочийПредставителя_ФИО,Обнаружено сканером,Document_УведомлениеОПрекращенииПолномочийПредставителя_ФИО,документ,{},https://1cfresh.com/a/ea/2244652,false,false,false
Document_УведомлениеОСпецрежимахНалогообложения,УведомлениеОСпецрежимахНалогообложения,Обнаружено сканером,Document_УведомлениеОСпецрежимахНалогообложения,документ,{},https://1cfresh.com/a/ea/2244652,false,false,false
Document_УведомлениеОбИсчисленныхСуммахНалогов,УведомлениеОбИсчисленныхСуммахНалогов,Обнаружено сканером,Document_УведомлениеОбИсчисленныхСуммахНалогов,документ,{},https://1cfresh.com/a/ea/2244652,false,false,false
Document_УведомлениеОбИсчисленныхСуммахНалогов_Налоги,УведомлениеОбИсчисленныхСуммахНалогов_Налоги,Обнаружено сканером,Document_УведомлениеОбИсчисленныхСуммахНалогов_Налоги,документ,{},https://1cfresh.com/a/ea/2244652,false,false,false
Document_УведомлениеОбИсчисленныхСуммахНалогов_НалоговыйАгентНДС,УведомлениеОбИсчисленныхСуммахНалогов_НалоговыйАгентНДС,Обнаружено сканером,Document_УведомлениеОбИсчисленныхСуммахНалогов_НалоговыйАгентНДС,документ,{},https://1cfresh.com/a/ea/2244652,false,false,false
Document_УведомлениеОбОстаткахПрослеживаемыхТоваров,УведомлениеОбОстаткахПрослеживаемыхТоваров,Обнаружено сканером,Document_УведомлениеОбОстаткахПрослеживаемыхТоваров,документ,{},https://1cfresh.com/a/ea/2244652,false,false,false
Document_УведомлениеОбОстаткахПрослеживаемыхТоваров_Продавцы,УведомлениеОбОстаткахПрослеживаемыхТоваров_Продавцы,Обнаружено сканером,Document_УведомлениеОбОстаткахПрослеживаемыхТоваров_Продавцы,документ,{},https://1cfresh.com/a/ea/2244652,false,false,false
Document_УведомлениеОбОстаткахПрослеживаемыхТоваров_Товары,УведомлениеОбОстаткахПрослеживаемыхТоваров_Товары,Обнаружено сканером,Document_УведомлениеОбОстаткахПрослеживаемыхТоваров_Товары,документ,{},https://1cfresh.com/a/ea/2244652,false,false,false
Document_УдалитьАвансовыйПлатежИностранцаПоНДФЛ,УдалитьАвансовыйПлатежИностранцаПоНДФЛ,Обнаружено сканером,Document_УдалитьАвансовыйПлатежИностранцаПоНДФЛ,документ,{},https://1cfresh.com/a/ea/2244652,false,false,false
Document_УдалитьАнкетаЗастрахованногоЛица,УдалитьАнкетаЗастрахованногоЛица,Обнаружено сканером,Document_УдалитьАнкетаЗастрахованногоЛица,документ,{},https://1cfresh.com/a/ea/2244652,false,false,false
Document_УдалитьАнкетаЗастрахованногоЛица_РаботникиОрганизации,УдалитьАнкетаЗастрахованногоЛица_РаботникиОрганизации,Обнаружено сканером,Document_УдалитьАнкетаЗастрахованногоЛица_РаботникиОрганизации,документ,{},https://1cfresh.com/a/ea/2244652,false,false,false
Document_УдалитьВводСведенийОПлановыхНачисленияхРаботниковОрганизаций,УдалитьВводСведенийОПлановыхНачисленияхРаботниковОрганизаций,Обнаружено сканером,Document_УдалитьВводСведенийОПлановыхНачисленияхРаботниковОрганизаций,документ,{},https://1cfresh.com/a/ea/2244652,false,false,false
Document_УдалитьВводСведенийОПлановыхНачисленияхРаботниковОрганизаций_ОсновныеНачисления,УдалитьВводСведенийОПлановыхНачисленияхРаботниковОрганизаций_ОсновныеНачисления,Обнаружено сканером,Document_УдалитьВводСведенийОПлановыхНачисленияхРаботниковОрганизаций_ОсновныеНачисления,документ,{},https://1cfresh.com/a/ea/2244652,false,false,false
Document_УдалитьДанныеОКорректировкеСведенийЗастрахованныхЛицСЗВ_КОРР,УдалитьДанныеОКорректировкеСведенийЗастрахованныхЛицСЗВ_КОРР,Обнаружено сканером,Document_УдалитьДанныеОКорректировкеСведенийЗастрахованныхЛицСЗВ_КОРР,документ,{},https://1cfresh.com/a/ea/2244652,false,false,false
Document_УдалитьДанныеОКорректировкеСведенийЗастрахованныхЛицСЗВ_КОРР_ЗаписиОСтаже,УдалитьДанныеОКорректировкеСведенийЗастрахованныхЛицСЗВ_КОРР_ЗаписиОСтаже,Обнаружено сканером,Document_УдалитьДанныеОКорректировкеСведенийЗастрахованныхЛицСЗВ_КОРР_ЗаписиОСтаже,документ,{},https://1cfresh.com/a/ea/2244652,false,false,false
Document_УдалитьДанныеОКорректировкеСведенийЗастрахованныхЛицСЗВ_КОРР_НачисленныеУплаченныеВзносы,УдалитьДанныеОКорректировкеСведенийЗастрахованныхЛицСЗВ_КОРР_НачисленныеУплаченныеВзносы,Обнаружено сканером,Document_УдалитьДанныеОКорректировкеСведенийЗастрахованныхЛицСЗВ_КОРР_НачисленныеУплаченныеВзносы,документ,{},https://1cfresh.com/a/ea/2244652,false,false,false
Document_УдалитьДанныеОКорректировкеСведенийЗастрахованныхЛицСЗВ_КОРР_РаботникиОрганизации,УдалитьДанныеОКорректировкеСведенийЗастрахованныхЛицСЗВ_КОРР_РаботникиОрганизации,Обнаружено сканером,Document_УдалитьДанныеОКорректировкеСведенийЗастрахованныхЛицСЗВ_КОРР_РаботникиОрганизации,документ,{},https://1cfresh.com/a/ea/2244652,false,false,false
Document_УдалитьДанныеОКорректировкеСведенийЗастрахованныхЛицСЗВ_КОРР_СведенияОЗаработке,УдалитьДанныеОКорректировкеСведенийЗастрахованныхЛицСЗВ_КОРР_СведенияОЗаработке,Обнаружено сканером,Document_УдалитьДанныеОКорректировкеСведенийЗастрахованныхЛицСЗВ_КОРР_СведенияОЗаработке,документ,{},https://1cfresh.com/a/ea/2244652,false,false,false
Document_УдалитьДанныеОКорректировкеСведенийЗастрахованныхЛицСЗВ_КОРР_СведенияОЗаработкеНаВредныхИТяжелыхРаботах,УдалитьДанныеОКорректировкеСведенийЗастрахованныхЛицСЗВ_КОРР_СведенияОЗаработкеНаВредныхИТяжелыхРаботах,Обнаружено сканером,Document_УдалитьДанныеОКорректировкеСведенийЗастрахованныхЛицСЗВ_КОРР_СведенияОЗаработкеНаВредныхИТяжелыхРаботах,документ,{},https://1cfresh.com/a/ea/2244652,false,false,false
Document_УдалитьДанныеОКорректировкеСведенийЗастрахованныхЛицСЗВ_КОРР_УплаченныеВзносыРасшифровка,УдалитьДанныеОКорректировкеСведенийЗастрахованныхЛицСЗВ_КОРР_УплаченныеВзносыРасшифровка,Обнаружено сканером,Document_УдалитьДанныеОКорректировкеСведенийЗастрахованныхЛицСЗВ_КОРР_УплаченныеВзносыРасшифровка,документ,{},https://1cfresh.com/a/ea/2244652,false,false,false
Document_УдалитьДепонированиеОрганизаций,УдалитьДепонированиеОрганизаций,Обнаружено сканером,Document_УдалитьДепонированиеОрганизаций,документ,{},https://1cfresh.com/a/ea/2244652,false,false,false
Document_УдалитьДепонированиеОрганизаций_ДепонированиеЗаработнойПлаты,УдалитьДепонированиеОрганизаций_ДепонированиеЗаработнойПлаты,Обнаружено сканером,Document_УдалитьДепонированиеОрганизаций_ДепонированиеЗаработнойПлаты,документ,{},https://1cfresh.com/a/ea/2244652,false,false,false
Document_УдалитьДепонированиеОрганизаций_Работники,УдалитьДепонированиеОрганизаций_Работники,Обнаружено сканером,Document_УдалитьДепонированиеОрганизаций_Работники,документ,{},https://1cfresh.com/a/ea/2244652,false,false,false
Document_УдалитьЗапросНаВыпискуИзЕГРЮЛ_ЕГРИП,УдалитьЗапросНаВыпискуИзЕГРЮЛ_ЕГРИП,Обнаружено сканером,Document_УдалитьЗапросНаВыпискуИзЕГРЮЛ_ЕГРИП,документ,{},https://1cfresh.com/a/ea/2244652,false,false,false
Document_УдалитьЗапросНаИнформационноеОбслуживаниеНалогоплательщика,УдалитьЗапросНаИнформационноеОбслуживаниеНалогоплательщика,Обнаружено сканером,Document_УдалитьЗапросНаИнформационноеОбслуживаниеНалогоплательщика,документ,{},https://1cfresh.com/a/ea/2244652,false,false,false
Document_УдалитьЗапросНаИнформационноеОбслуживаниеНалогоплательщика_ЗапрашиваемыеНалоги,УдалитьЗапросНаИнформационноеОбслуживаниеНалогоплательщика_ЗапрашиваемыеНалоги,Обнаружено сканером,Document_УдалитьЗапросНаИнформационноеОбслуживаниеНалогоплательщика_ЗапрашиваемыеНалоги,документ,{},https://1cfresh.com/a/ea/2244652,false,false,false
Document_УдалитьЗаявкаНаОткрытиеСчетов,УдалитьЗаявкаНаОткрытиеСчетов,Обнаружено сканером,Document_УдалитьЗаявкаНаОткрытиеСчетов,документ,{},https://1cfresh.com/a/ea/2244652,false,false,false
Document_УдалитьЗаявкаНаОткрытиеСчетов_РаботникиОрганизации,УдалитьЗаявкаНаОткрытиеСчетов_РаботникиОрганизации,Обнаружено сканером,Document_УдалитьЗаявкаНаОткрытиеСчетов_РаботникиОрганизации,документ,{},https://1cfresh.com/a/ea/2244652,false,false,false
Document_УдалитьЗаявлениеАбонентаСпецоператораСвязи,УдалитьЗаявлениеАбонентаСпецоператораСвязи,Обнаружено сканером,Document_УдалитьЗаявлениеАбонентаСпецоператораСвязи,документ,{},https://1cfresh.com/a/ea/2244652,false,false,false
Document_УдалитьЗаявлениеАбонентаСпецоператораСвязи_Получатели,УдалитьЗаявлениеАбонентаСпецоператораСвязи_Получатели,Обнаружено сканером,Document_УдалитьЗаявлениеАбонентаСпецоператораСвязи_Получатели,документ,{},https://1cfresh.com/a/ea/2244652,false,false,false
Document_УдалитьЗаявлениеОПодтвержденииПраваНаЗачетАвансовПоНДФЛ,УдалитьЗаявлениеОПодтвержденииПраваНаЗачетАвансовПоНДФЛ,Обнаружено сканером,Document_УдалитьЗаявлениеОПодтвержденииПраваНаЗачетАвансовПоНДФЛ,документ,{},https://1cfresh.com/a/ea/2244652,false,false,false
Document_УдалитьЗаявлениеОПодтвержденииПраваНаЗачетАвансовПоНДФЛ_РаботникиОрганизации,УдалитьЗаявлениеОПодтвержденииПраваНаЗачетАвансовПоНДФЛ_РаботникиОрганизации,Обнаружено сканером,Document_УдалитьЗаявлениеОПодтвержденииПраваНаЗачетАвансовПоНДФЛ_РаботникиОрганизации,документ,{},https://1cfresh.com/a/ea/2244652,false,false,false
Document_УдалитьЗаявлениеОПредоставленииСведенийОТрудовойДеятельности,УдалитьЗаявлениеОПредоставленииСведенийОТрудовойДеятельности,Обнаружено сканером,Document_УдалитьЗаявлениеОПредоставленииСведенийОТрудовойДеятельности,документ,{},https://1cfresh.com/a/ea/2244652,false,false,false
Document_УдалитьЗаявлениеОПредоставленииСведенийОТрудовойДеятельности_РаботникиОрганизации,УдалитьЗаявлениеОПредоставленииСведенийОТрудовойДеятельности_РаботникиОрганизации,Обнаружено сканером,Document_УдалитьЗаявлениеОПредоставленииСведенийОТрудовойДеятельности_РаботникиОрганизации,документ,{},https://1cfresh.com/a/ea/2244652,false,false,false
Document_УдалитьЗаявлениеОбОбменеДубликатеСтраховогоСвидетельства,УдалитьЗаявлениеОбОбменеДубликатеСтраховогоСвидетельства,Обнаружено сканером,Document_УдалитьЗаявлениеОбОбменеДубликатеСтраховогоСвидетельства,документ,{},https://1cfresh.com/a/ea/2244652,false,false,false
Document_УдалитьЗаявлениеОбОбменеДубликатеСтраховогоСвидетельства_РаботникиОрганизации,УдалитьЗаявлениеОбОбменеДубликатеСтраховогоСвидетельства_РаботникиОрганизации,Обнаружено сканером,Document_УдалитьЗаявлениеОбОбменеДубликатеСтраховогоСвидетельства_РаботникиОрганизации,документ,{},https://1cfresh.com/a/ea/2244652,false,false,false
Document_УдалитьКадровоеПеремещениеОрганизаций,УдалитьКадровоеПеремещениеОрганизаций,Обнаружено сканером,Document_УдалитьКадровоеПеремещениеОрганизаций,документ,{},https://1cfresh.com/a/ea/2244652,false,false,false
Document_УдалитьКадровоеПеремещениеОрганизаций_ОсновныеНачисления,УдалитьКадровоеПеремещениеОрганизаций_ОсновныеНачисления,Обнаружено сканером,Document_УдалитьКадровоеПеремещениеОрганизаций_ОсновныеНачисления,документ,{},https://1cfresh.com/a/ea/2244652,false,false,false
Document_УдалитьКадровоеПеремещениеОрганизаций_РаботникиОрганизации,УдалитьКадровоеПеремещениеОрганизаций_РаботникиОрганизации,Обнаружено сканером,Document_УдалитьКадровоеПеремещениеОрганизаций_РаботникиОрганизации,документ,{},https://1cfresh.com/a/ea/2244652,false,false,false
Document_УдалитьНДФЛВозвратНалога,УдалитьНДФЛВозвратНалога,Обнаружено сканером,Document_УдалитьНДФЛВозвратНалога,документ,{},https://1cfresh.com/a/ea/2244652,false,false,false
Document_УдалитьНДФЛВозвратНалога_РаботникиОрганизации,УдалитьНДФЛВозвратНалога_РаботникиОрганизации,Обнаружено сканером,Document_УдалитьНДФЛВозвратНалога_РаботникиОрганизации,документ,{},https://1cfresh.com/a/ea/2244652,false,false,false
Document_УдалитьНДФЛПерерасчет,УдалитьНДФЛПерерасчет,Обнаружено сканером,Document_УдалитьНДФЛПерерасчет,документ,{},https://1cfresh.com/a/ea/2244652,false,false,false
Document_УдалитьНДФЛПерерасчет_РаботникиОрганизации,УдалитьНДФЛПерерасчет_РаботникиОрганизации,Обнаружено сканером,Document_УдалитьНДФЛПерерасчет_РаботникиОрганизации,документ,{},https://1cfresh.com/a/ea/2244652,false,false,false
Document_УдалитьНДФЛПодтверждениеПраваНаИмущественныйВычет,УдалитьНДФЛПодтверждениеПраваНаИмущественныйВычет,Обнаружено сканером,Document_УдалитьНДФЛПодтверждениеПраваНаИмущественныйВычет,документ,{},https://1cfresh.com/a/ea/2244652,false,false,false
Document_УдалитьНДФЛПодтверждениеПраваНаИмущественныйВычет_РаботникиОрганизации,УдалитьНДФЛПодтверждениеПраваНаИмущественныйВычет_РаботникиОрганизации,Обнаружено сканером,Document_УдалитьНДФЛПодтверждениеПраваНаИмущественныйВычет_РаботникиОрганизации,документ,{},https://1cfresh.com/a/ea/2244652,false,false,false
Document_УдалитьНДФЛиЕСНДоходыИНалоги,УдалитьНДФЛиЕСНДоходыИНалоги,Обнаружено сканером,Document_УдалитьНДФЛиЕСНДоходыИНалоги,документ,{},https://1cfresh.com/a/ea/2244652,false,false,false
Document_УдалитьНДФЛиЕСНДоходыИНалоги_ЕСННалоги,УдалитьНДФЛиЕСНДоходыИНалоги_ЕСННалоги,Обнаружено сканером,Document_УдалитьНДФЛиЕСНДоходыИНалоги_ЕСННалоги,документ,{},https://1cfresh.com/a/ea/2244652,false,false,false
Document_УдалитьНДФЛиЕСНДоходыИНалоги_ЕСНСведенияОДоходах,УдалитьНДФЛиЕСНДоходыИНалоги_ЕСНСведенияОДоходах,Обнаружено сканером,Document_УдалитьНДФЛиЕСНДоходыИНалоги_ЕСНСведенияОДоходах,документ,{},https://1cfresh.com/a/ea/2244652,false,false,false
Document_УдалитьНДФЛиЕСНДоходыИНалоги_НДФЛИсчисленный13,УдалитьНДФЛиЕСНДоходыИНалоги_НДФЛИсчисленный13,Обнаружено сканером,Document_УдалитьНДФЛиЕСНДоходыИНалоги_НДФЛИсчисленный13,документ,{},https://1cfresh.com/a/ea/2244652,false,false,false
Document_УдалитьНДФЛиЕСНДоходыИНалоги_НДФЛПредоставленныеВычеты,УдалитьНДФЛиЕСНДоходыИНалоги_НДФЛПредоставленныеВычеты,Обнаружено сканером,Document_УдалитьНДФЛиЕСНДоходыИНалоги_НДФЛПредоставленныеВычеты,документ,{},https://1cfresh.com/a/ea/2244652,false,false,false
Document_УдалитьНДФЛиЕСНДоходыИНалоги_НДФЛСведенияОДоходах,УдалитьНДФЛиЕСНДоходыИНалоги_НДФЛСведенияОДоходах,Обнаружено сканером,Document_УдалитьНДФЛиЕСНДоходыИНалоги_НДФЛСведенияОДоходах,документ,{},https://1cfresh.com/a/ea/2244652,false,false,false
Document_УдалитьНДФЛиЕСНДоходыИНалоги_НДФЛУдержанный,УдалитьНДФЛиЕСНДоходыИНалоги_НДФЛУдержанный,Обнаружено сканером,Document_УдалитьНДФЛиЕСНДоходыИНалоги_НДФЛУдержанный,документ,{},https://1cfresh.com/a/ea/2244652,false,false,false
Document_УдалитьНДФЛиЕСНДоходыИНалоги_ПособияПоУходуЗаРебенкомДоПолутораЛет,УдалитьНДФЛиЕСНДоходыИНалоги_ПособияПоУходуЗаРебенкомДоПолутораЛет,Обнаружено сканером,Document_УдалитьНДФЛиЕСНДоходыИНалоги_ПособияПоУходуЗаРебенкомДоПолутораЛет,документ,{},https://1cfresh.com/a/ea/2244652,false,false,false
Document_УдалитьНДФЛиЕСНДоходыИНалоги_ПособияСоциальномуСтрахованию,УдалитьНДФЛиЕСНДоходыИНалоги_ПособияСоциальномуСтрахованию,Обнаружено сканером,Document_УдалитьНДФЛиЕСНДоходыИНалоги_ПособияСоциальномуСтрахованию,документ,{},https://1cfresh.com/a/ea/2244652,false,false,false
Document_УдалитьНДФЛиЕСНДоходыИНалоги_СтраховыеВзносы,УдалитьНДФЛиЕСНДоходыИНалоги_СтраховыеВзносы,Обнаружено сканером,Document_УдалитьНДФЛиЕСНДоходыИНалоги_СтраховыеВзносы,документ,{},https://1cfresh.com/a/ea/2244652,false,false,false
Document_УдалитьНДФЛиЕСНДоходыИНалоги_СтраховыеВзносыСведенияОДоходах,УдалитьНДФЛиЕСНДоходыИНалоги_СтраховыеВзносыСведенияОДоходах,Обнаружено сканером,Document_УдалитьНДФЛиЕСНДоходыИНалоги_СтраховыеВзносыСведенияОДоходах,документ,{},https://1cfresh.com/a/ea/2244652,false,false,false
Document_УдалитьНДФЛиЕСНДоходыИНалоги_ФизическиеЛица,УдалитьНДФЛиЕСНДоходыИНалоги_ФизическиеЛица,Обнаружено сканером,Document_УдалитьНДФЛиЕСНДоходыИНалоги_ФизическиеЛица,документ,{},https://1cfresh.com/a/ea/2244652,false,false,false
Document_УдалитьНачислениеЗарплатыРаботникамОрганизаций,УдалитьНачислениеЗарплатыРаботникамОрганизаций,Обнаружено сканером,Document_УдалитьНачислениеЗарплатыРаботникамОрганизаций,документ,{},https://1cfresh.com/a/ea/2244652,false,false,false
Document_УдалитьНачислениеЗарплатыРаботникамОрганизаций_НДФЛ,УдалитьНачислениеЗарплатыРаботникамОрганизаций_НДФЛ,Обнаружено сканером,Document_УдалитьНачислениеЗарплатыРаботникамОрганизаций_НДФЛ,документ,{},https://1cfresh.com/a/ea/2244652,false,false,false
Document_УдалитьНачислениеЗарплатыРаботникамОрганизаций_Начисления,УдалитьНачислениеЗарплатыРаботникамОрганизаций_Начисления,Обнаружено сканером,Document_УдалитьНачислениеЗарплатыРаботникамОрганизаций_Начисления,документ,{},https://1cfresh.com/a/ea/2244652,false,false,false
Document_УдалитьОписьОДВ_1,УдалитьОписьОДВ_1,Обнаружено сканером,Document_УдалитьОписьОДВ_1,документ,{},https://1cfresh.com/a/ea/2244652,false,false,false
Document_УдалитьОписьОДВ_1_ДосрочноеНазначениеПенсии,УдалитьОписьОДВ_1_ДосрочноеНазначениеПенсии,Обнаружено сканером,Document_УдалитьОписьОДВ_1_ДосрочноеНазначениеПенсии,документ,{},https://1cfresh.com/a/ea/2244652,false,false,false
Document_УдалитьОтражениеЗарплатыВУчете,УдалитьОтражениеЗарплатыВУчете,Обнаружено сканером,Document_УдалитьОтражениеЗарплатыВУчете,документ,{},https://1cfresh.com/a/ea/2244652,false,false,false
Document_УдалитьОтражениеЗарплатыВУчете_ОтражениеВУчете,УдалитьОтражениеЗарплатыВУчете_ОтражениеВУчете,Обнаружено сканером,Document_УдалитьОтражениеЗарплатыВУчете_ОтражениеВУчете,документ,{},https://1cfresh.com/a/ea/2244652,false,false,false
Document_УдалитьПачкаДокументовСЗВ_6_4,УдалитьПачкаДокументовСЗВ_6_4,Обнаружено сканером,Document_УдалитьПачкаДокументовСЗВ_6_4,документ,{},https://1cfresh.com/a/ea/2244652,false,false,false
Document_УдалитьПачкаДокументовСЗВ_6_4_РаботникиОрганизации,УдалитьПачкаДокументовСЗВ_6_4_РаботникиОрганизации,Обнаружено сканером,Document_УдалитьПачкаДокументовСЗВ_6_4_РаботникиОрганизации,документ,{},https://1cfresh.com/a/ea/2244652,false,false,false
Document_УдалитьПачкаДокументовСЗВ_6_4_СведенияОЗаработке,УдалитьПачкаДокументовСЗВ_6_4_СведенияОЗаработке,Обнаружено сканером,Document_УдалитьПачкаДокументовСЗВ_6_4_СведенияОЗаработке,документ,{},https://1cfresh.com/a/ea/2244652,false,false,false
Document_УдалитьПачкаДокументовСПВ_2,УдалитьПачкаДокументовСПВ_2,Обнаружено сканером,Document_УдалитьПачкаДокументовСПВ_2,документ,{},https://1cfresh.com/a/ea/2244652,false,false,false
Document_УдалитьПачкаДокументовСПВ_2_ЗаписиОСтаже,УдалитьПачкаДокументовСПВ_2_ЗаписиОСтаже,Обнаружено сканером,Document_УдалитьПачкаДокументовСПВ_2_ЗаписиОСтаже,документ,{},https://1cfresh.com/a/ea/2244652,false,false,false
Document_УдалитьПачкаДокументовСПВ_2_РаботникиОрганизации,УдалитьПачкаДокументовСПВ_2_РаботникиОрганизации,Обнаружено сканером,Document_УдалитьПачкаДокументовСПВ_2_РаботникиОрганизации,документ,{},https://1cfresh.com/a/ea/2244652,false,false,false
Document_УдалитьПачкаРазделов6РасчетаРСВ_1,УдалитьПачкаРазделов6РасчетаРСВ_1,Обнаружено сканером,Document_УдалитьПачкаРазделов6РасчетаРСВ_1,документ,{},https://1cfresh.com/a/ea/2244652,false,false,false
Document_УдалитьПачкаРазделов6РасчетаРСВ_1_ЗаписиОСтаже,УдалитьПачкаРазделов6РасчетаРСВ_1_ЗаписиОСтаже,Обнаружено сканером,Document_УдалитьПачкаРазделов6РасчетаРСВ_1_ЗаписиОСтаже,документ,{},https://1cfresh.com/a/ea/2244652,false,false,false
Document_УдалитьПачкаРазделов6РасчетаРСВ_1_КорректирующиеСведения,УдалитьПачкаРазделов6РасчетаРСВ_1_КорректирующиеСведения,Обнаружено сканером,Document_УдалитьПачкаРазделов6РасчетаРСВ_1_КорректирующиеСведения,документ,{},https://1cfresh.com/a/ea/2244652,false,false,false
Document_УдалитьПачкаРазделов6РасчетаРСВ_1_РаботникиОрганизации,УдалитьПачкаРазделов6РасчетаРСВ_1_РаботникиОрганизации,Обнаружено сканером,Document_УдалитьПачкаРазделов6РасчетаРСВ_1_РаботникиОрганизации,документ,{},https://1cfresh.com/a/ea/2244652,false,false,false
Document_УдалитьПачкаРазделов6РасчетаРСВ_1_СведенияОЗаработке,УдалитьПачкаРазделов6РасчетаРСВ_1_СведенияОЗаработке,Обнаружено сканером,Document_УдалитьПачкаРазделов6РасчетаРСВ_1_СведенияОЗаработке,документ,{},https://1cfresh.com/a/ea/2244652,false,false,false
Document_УдалитьПачкаРазделов6РасчетаРСВ_1_СведенияОЗаработкеНаВредныхИТяжелыхРаботах,УдалитьПачкаРазделов6РасчетаРСВ_1_СведенияОЗаработкеНаВредныхИТяжелыхРаботах,Обнаружено сканером,Document_УдалитьПачкаРазделов6РасчетаРСВ_1_СведенияОЗаработкеНаВредныхИТяжелыхРаботах,документ,{},https://1cfresh.com/a/ea/2244652,false,false,false
Document_УдалитьПередачаДСВвПФР,УдалитьПередачаДСВвПФР,Обнаружено сканером,Document_УдалитьПередачаДСВвПФР,документ,{},https://1cfresh.com/a/ea/2244652,false,false,false
Document_УдалитьПередачаДСВвПФР_РаботникиОрганизации,УдалитьПередачаДСВвПФР_РаботникиОрганизации,Обнаружено сканером,Document_УдалитьПередачаДСВвПФР_РаботникиОрганизации,документ,{},https://1cfresh.com/a/ea/2244652,false,false,false
Document_УдалитьПередачаСЗВ4вПФР,УдалитьПередачаСЗВ4вПФР,Обнаружено сканером,Document_УдалитьПередачаСЗВ4вПФР,документ,{},https://1cfresh.com/a/ea/2244652,false,false,false
Document_УдалитьПередачаСЗВ4вПФР_ПачкиДокументов,УдалитьПередачаСЗВ4вПФР_ПачкиДокументов,Обнаружено сканером,Document_УдалитьПередачаСЗВ4вПФР_ПачкиДокументов,документ,{},https://1cfresh.com/a/ea/2244652,false,false,false
Document_УдалитьПередачаСЗВ4вПФР_ПачкиДокументов2013,УдалитьПередачаСЗВ4вПФР_ПачкиДокументов2013,Обнаружено сканером,Document_УдалитьПередачаСЗВ4вПФР_ПачкиДокументов2013,документ,{},https://1cfresh.com/a/ea/2244652,false,false,false
Document_УдалитьПередачаСЗВ4вПФР_ПачкиДокументов2014,УдалитьПередачаСЗВ4вПФР_ПачкиДокументов2014,Обнаружено сканером,Document_УдалитьПередачаСЗВ4вПФР_ПачкиДокументов2014,документ,{},https://1cfresh.com/a/ea/2244652,false,false,false
Document_УдалитьПередачаСЗВ4вПФР_СведенияОЗадолженности,УдалитьПередачаСЗВ4вПФР_СведенияОЗадолженности,Обнаружено сканером,Document_УдалитьПередачаСЗВ4вПФР_СведенияОЗадолженности,документ,{},https://1cfresh.com/a/ea/2244652,false,false,false
Document_УдалитьПриемНаРаботуВОрганизацию,УдалитьПриемНаРаботуВОрганизацию,Обнаружено сканером,Document_УдалитьПриемНаРаботуВОрганизацию,документ,{},https://1cfresh.com/a/ea/2244652,false,false,false
Document_УдалитьПриемНаРаботуВОрганизацию_ОсновныеНачисления,УдалитьПриемНаРаботуВОрганизацию_ОсновныеНачисления,Обнаружено сканером,Document_УдалитьПриемНаРаботуВОрганизацию_ОсновныеНачисления,документ,{},https://1cfresh.com/a/ea/2244652,false,false,false
Document_УдалитьПриемНаРаботуВОрганизацию_РаботникиОрганизации,УдалитьПриемНаРаботуВОрганизацию_РаботникиОрганизации,Обнаружено сканером,Document_УдалитьПриемНаРаботуВОрганизацию_РаботникиОрганизации,документ,{},https://1cfresh.com/a/ea/2244652,false,false,false
Document_УдалитьРасчетЕСН,УдалитьРасчетЕСН,Обнаружено сканером,Document_УдалитьРасчетЕСН,документ,{},https://1cfresh.com/a/ea/2244652,false,false,false
Document_УдалитьРасчетЕСН_ИсчисленныеСтраховыеВзносы,УдалитьРасчетЕСН_ИсчисленныеСтраховыеВзносы,Обнаружено сканером,Document_УдалитьРасчетЕСН_ИсчисленныеСтраховыеВзносы,документ,{},https://1cfresh.com/a/ea/2244652,false,false,false
Document_УдалитьРасчетЕСН_ИсчисленныйЕСН,УдалитьРасчетЕСН_ИсчисленныйЕСН,Обнаружено сканером,Document_УдалитьРасчетЕСН_ИсчисленныйЕСН,документ,{},https://1cfresh.com/a/ea/2244652,false,false,false
Document_УдалитьРасчетЕСН_ОсновныеНачисления,УдалитьРасчетЕСН_ОсновныеНачисления,Обнаружено сканером,Document_УдалитьРасчетЕСН_ОсновныеНачисления,документ,{},https://1cfresh.com/a/ea/2244652,false,false,false
Document_УдалитьРасчетыПоСтраховымВзносам,УдалитьРасчетыПоСтраховымВзносам,Обнаружено сканером,Document_УдалитьРасчетыПоСтраховымВзносам,документ,{},https://1cfresh.com/a/ea/2244652,false,false,false
Document_УдалитьРегистрацияОплатыНДСВБюджет,УдалитьРегистрацияОплатыНДСВБюджет,Обнаружено сканером,Document_УдалитьРегистрацияОплатыНДСВБюджет,документ,{},https://1cfresh.com/a/ea/2244652,false,false,false
Document_УдалитьРегистрацияОплатыНДСВБюджет_ОплатаДляСобственногоПотребления,УдалитьРегистрацияОплатыНДСВБюджет_ОплатаДляСобственногоПотребления,Обнаружено сканером,Document_УдалитьРегистрацияОплатыНДСВБюджет_ОплатаДляСобственногоПотребления,документ,{},https://1cfresh.com/a/ea/2244652,false,false,false
Document_УдалитьРегистрацияОплатыНДСВБюджет_ОплатаПоДоговорамНалоговогоАгента,УдалитьРегистрацияОплатыНДСВБюджет_ОплатаПоДоговорамНалоговогоАгента,Обнаружено сканером,Document_УдалитьРегистрацияОплатыНДСВБюджет_ОплатаПоДоговорамНалоговогоАгента,документ,{},https://1cfresh.com/a/ea/2244652,false,false,false
Document_УдалитьСведенияОВзносахИСтраховомСтажеСПВ1,УдалитьСведенияОВзносахИСтраховомСтажеСПВ1,Обнаружено сканером,Document_УдалитьСведенияОВзносахИСтраховомСтажеСПВ1,документ,{},https://1cfresh.com/a/ea/2244652,false,false,false
Document_УдалитьСведенияОВзносахИСтраховомСтажеСПВ1_РаботникиОрганизации,УдалитьСведенияОВзносахИСтраховомСтажеСПВ1_РаботникиОрганизации,Обнаружено сканером,Document_УдалитьСведенияОВзносахИСтраховомСтажеСПВ1_РаботникиОрганизации,документ,{},https://1cfresh.com/a/ea/2244652,false,false,false
Document_УдалитьСведенияОДоходахФизлиц,УдалитьСведенияОДоходахФизлиц,Обнаружено сканером,Document_УдалитьСведенияОДоходахФизлиц,документ,{},https://1cfresh.com/a/ea/2244652,false,false,false
Document_УдалитьСведенияОДоходахФизлиц_ПеречисленоНДФЛВсего,УдалитьСведенияОДоходахФизлиц_ПеречисленоНДФЛВсего,Обнаружено сканером,Document_УдалитьСведенияОДоходахФизлиц_ПеречисленоНДФЛВсего,документ,{},https://1cfresh.com/a/ea/2244652,false,false,false
Document_УдалитьСведенияОДоходахФизлиц_ПеречисленоНДФЛПоФизлицам,УдалитьСведенияОДоходахФизлиц_ПеречисленоНДФЛПоФизлицам,Обнаружено сканером,Document_УдалитьСведенияОДоходахФизлиц_ПеречисленоНДФЛПоФизлицам,документ,{},https://1cfresh.com/a/ea/2244652,false,false,false
Document_УдалитьСведенияОДоходахФизлиц_РаботникиОрганизации,УдалитьСведенияОДоходахФизлиц_РаботникиОрганизации,Обнаружено сканером,Document_УдалитьСведенияОДоходахФизлиц_РаботникиОрганизации,документ,{},https://1cfresh.com/a/ea/2244652,false,false,false
Document_УдалитьСведенияОЗаработкеСтажеЗастрахованныхЛицСЗВ_ИСХ,УдалитьСведенияОЗаработкеСтажеЗастрахованныхЛицСЗВ_ИСХ,Обнаружено сканером,Document_УдалитьСведенияОЗаработкеСтажеЗастрахованныхЛицСЗВ_ИСХ,документ,{},https://1cfresh.com/a/ea/2244652,false,false,false
Document_УдалитьСведенияОЗаработкеСтажеЗастрахованныхЛицСЗВ_ИСХ_ДосрочноеНазначениеПенсии,УдалитьСведенияОЗаработкеСтажеЗастрахованныхЛицСЗВ_ИСХ_ДосрочноеНазначениеПенсии,Обнаружено сканером,Document_УдалитьСведенияОЗаработкеСтажеЗастрахованныхЛицСЗВ_ИСХ_ДосрочноеНазначениеПенсии,документ,{},https://1cfresh.com/a/ea/2244652,false,false,false
Document_УдалитьСведенияОЗаработкеСтажеЗастрахованныхЛицСЗВ_ИСХ_ЗаписиОСтаже,УдалитьСведенияОЗаработкеСтажеЗастрахованныхЛицСЗВ_ИСХ_ЗаписиОСтаже,Обнаружено сканером,Document_УдалитьСведенияОЗаработкеСтажеЗастрахованныхЛицСЗВ_ИСХ_ЗаписиОСтаже,документ,{},https://1cfresh.com/a/ea/2244652,false,false,false
Document_УдалитьСведенияОЗаработкеСтажеЗастрахованныхЛицСЗВ_ИСХ_НачисленныеУплаченныеВзносы,УдалитьСведенияОЗаработкеСтажеЗастрахованныхЛицСЗВ_ИСХ_НачисленныеУплаченныеВзносы,Обнаружено сканером,Document_УдалитьСведенияОЗаработкеСтажеЗастрахованныхЛицСЗВ_ИСХ_НачисленныеУплаченныеВзносы,документ,{},https://1cfresh.com/a/ea/2244652,false,false,false
Document_УдалитьСведенияОЗаработкеСтажеЗастрахованныхЛицСЗВ_ИСХ_РаботникиОрганизации,УдалитьСведенияОЗаработкеСтажеЗастрахованныхЛицСЗВ_ИСХ_РаботникиОрганизации,Обнаружено сканером,Document_УдалитьСведенияОЗаработкеСтажеЗастрахованныхЛицСЗВ_ИСХ_РаботникиОрганизации,документ,{},https://1cfresh.com/a/ea/2244652,false,false,false
Document_УдалитьСведенияОЗаработкеСтажеЗастрахованныхЛицСЗВ_ИСХ_СведенияОЗаработке,УдалитьСведенияОЗаработкеСтажеЗастрахованныхЛицСЗВ_ИСХ_СведенияОЗаработке,Обнаружено сканером,Document_УдалитьСведенияОЗаработкеСтажеЗастрахованныхЛицСЗВ_ИСХ_СведенияОЗаработке,документ,{},https://1cfresh.com/a/ea/2244652,false,false,false
Document_УдалитьСведенияОЗаработкеСтажеЗастрахованныхЛицСЗВ_ИСХ_СведенияОЗаработкеНаВредныхИТяжелыхРаботах,УдалитьСведенияОЗаработкеСтажеЗастрахованныхЛицСЗВ_ИСХ_СведенияОЗаработкеНаВредныхИТяжелыхРаботах,Обнаружено сканером,Document_УдалитьСведенияОЗаработкеСтажеЗастрахованныхЛицСЗВ_ИСХ_СведенияОЗаработкеНаВредныхИТяжелыхРаботах,документ,{},https://1cfresh.com/a/ea/2244652,false,false,false
Document_УдалитьСведенияОЗаработкеСтажеЗастрахованныхЛицСЗВ_ИСХ_УплаченныеВзносыРасшифровка,УдалитьСведенияОЗаработкеСтажеЗастрахованныхЛицСЗВ_ИСХ_УплаченныеВзносыРасшифровка,Обнаружено сканером,Document_УдалитьСведенияОЗаработкеСтажеЗастрахованныхЛицСЗВ_ИСХ_УплаченныеВзносыРасшифровка,документ,{},https://1cfresh.com/a/ea/2244652,false,false,false
Document_УдалитьСведенияОЗастрахованныхЛицахСЗВ_М,УдалитьСведенияОЗастрахованныхЛицахСЗВ_М,Обнаружено сканером,Document_УдалитьСведенияОЗастрахованныхЛицахСЗВ_М,документ,{},https://1cfresh.com/a/ea/2244652,false,false,false
Document_УдалитьСведенияОЗастрахованныхЛицахСЗВ_М_РаботникиОрганизации,УдалитьСведенияОЗастрахованныхЛицахСЗВ_М_РаботникиОрганизации,Обнаружено сканером,Document_УдалитьСведенияОЗастрахованныхЛицахСЗВ_М_РаботникиОрганизации,документ,{},https://1cfresh.com/a/ea/2244652,false,false,false
Document_УдалитьСведенияОНачисленномЗаработкеСЗВ63,УдалитьСведенияОНачисленномЗаработкеСЗВ63,Обнаружено сканером,Document_УдалитьСведенияОНачисленномЗаработкеСЗВ63,документ,{},https://1cfresh.com/a/ea/2244652,false,false,false
Document_УдалитьСведенияОНачисленномЗаработкеСЗВ63_СведенияОЗаработке,УдалитьСведенияОНачисленномЗаработкеСЗВ63_СведенияОЗаработке,Обнаружено сканером,Document_УдалитьСведенияОНачисленномЗаработкеСЗВ63_СведенияОЗаработке,документ,{},https://1cfresh.com/a/ea/2244652,false,false,false
Document_УдалитьСведенияОНачисленномЗаработкеСЗВ63_СотрудникиОрганизации,УдалитьСведенияОНачисленномЗаработкеСЗВ63_СотрудникиОрганизации,Обнаружено сканером,Document_УдалитьСведенияОНачисленномЗаработкеСЗВ63_СотрудникиОрганизации,документ,{},https://1cfresh.com/a/ea/2244652,false,false,false
Document_УдалитьСведенияОСтраховомСтажеЗастрахованныхЛицСЗВ_СТАЖ,УдалитьСведенияОСтраховомСтажеЗастрахованныхЛицСЗВ_СТАЖ,Обнаружено сканером,Document_УдалитьСведенияОСтраховомСтажеЗастрахованныхЛицСЗВ_СТАЖ,документ,{},https://1cfresh.com/a/ea/2244652,false,false,false
Document_УдалитьСведенияОСтраховомСтажеЗастрахованныхЛицСЗВ_СТАЖ_ДосрочноеНазначениеПенсии,УдалитьСведенияОСтраховомСтажеЗастрахованныхЛицСЗВ_СТАЖ_ДосрочноеНазначениеПенсии,Обнаружено сканером,Document_УдалитьСведенияОСтраховомСтажеЗастрахованныхЛицСЗВ_СТАЖ_ДосрочноеНазначениеПенсии,документ,{},https://1cfresh.com/a/ea/2244652,false,false,false
Document_УдалитьСведенияОСтраховомСтажеЗастрахованныхЛицСЗВ_СТАЖ_ЗаписиОСтаже,УдалитьСведенияОСтраховомСтажеЗастрахованныхЛицСЗВ_СТАЖ_ЗаписиОСтаже,Обнаружено сканером,Document_УдалитьСведенияОСтраховомСтажеЗастрахованныхЛицСЗВ_СТАЖ_ЗаписиОСтаже,документ,{},https://1cfresh.com/a/ea/2244652,false,false,false
Document_УдалитьСведенияОСтраховомСтажеЗастрахованныхЛицСЗВ_СТАЖ_РаботникиОрганизации,УдалитьСведенияОСтраховомСтажеЗастрахованныхЛицСЗВ_СТАЖ_РаботникиОрганизации,Обнаружено сканером,Document_УдалитьСведенияОСтраховомСтажеЗастрахованныхЛицСЗВ_СТАЖ_РаботникиОрганизации,документ,{},https://1cfresh.com/a/ea/2244652,false,false,false
Document_УдалитьСведенияОТрудовойДеятельностиРаботниковСЗВ_ТД,УдалитьСведенияОТрудовойДеятельностиРаботниковСЗВ_ТД,Обнаружено сканером,Document_УдалитьСведенияОТрудовойДеятельностиРаботниковСЗВ_ТД,документ,{},https://1cfresh.com/a/ea/2244652,false,false,false
Document_УдалитьСведенияОТрудовойДеятельностиРаботниковСЗВ_ТД_Мероприятия,УдалитьСведенияОТрудовойДеятельностиРаботниковСЗВ_ТД_Мероприятия,Обнаружено сканером,Document_УдалитьСведенияОТрудовойДеятельностиРаботниковСЗВ_ТД_Мероприятия,документ,{},https://1cfresh.com/a/ea/2244652,false,false,false
Document_УдалитьСведенияОТрудовойДеятельностиРаботниковСЗВ_ТД_РаботникиОрганизации,УдалитьСведенияОТрудовойДеятельностиРаботниковСЗВ_ТД_РаботникиОрганизации,Обнаружено сканером,Document_УдалитьСведенияОТрудовойДеятельностиРаботниковСЗВ_ТД_РаботникиОрганизации,документ,{},https://1cfresh.com/a/ea/2244652,false,false,false
Document_УдалитьСведенияОТрудовомСтажеИЗаработкеСЗВ4,УдалитьСведенияОТрудовомСтажеИЗаработкеСЗВ4,Обнаружено сканером,Document_УдалитьСведенияОТрудовомСтажеИЗаработкеСЗВ4,документ,{},https://1cfresh.com/a/ea/2244652,false,false,false
Document_УдалитьСведенияОТрудовомСтажеИЗаработкеСЗВ4_РаботникиОрганизации,УдалитьСведенияОТрудовомСтажеИЗаработкеСЗВ4_РаботникиОрганизации,Обнаружено сканером,Document_УдалитьСведенияОТрудовомСтажеИЗаработкеСЗВ4_РаботникиОрганизации,документ,{},https://1cfresh.com/a/ea/2244652,false,false,false
Document_УдалитьСписаниеДепонентовВДоходыОрганизаций,УдалитьСписаниеДепонентовВДоходыОрганизаций,Обнаружено сканером,Document_УдалитьСписаниеДепонентовВДоходыОрганизаций,документ,{},https://1cfresh.com/a/ea/2244652,false,false,false
Document_УдалитьСписаниеДепонентовВДоходыОрганизаций_ВыплатаДепонентов,УдалитьСписаниеДепонентовВДоходыОрганизаций_ВыплатаДепонентов,Обнаружено сканером,Document_УдалитьСписаниеДепонентовВДоходыОрганизаций_ВыплатаДепонентов,документ,{},https://1cfresh.com/a/ea/2244652,false,false,false
Document_УдалитьСправкаПоНДФЛВНалоговыйОрган,УдалитьСправкаПоНДФЛВНалоговыйОрган,Обнаружено сканером,Document_УдалитьСправкаПоНДФЛВНалоговыйОрган,документ,{},https://1cfresh.com/a/ea/2244652,false,false,false
Document_УдалитьСправкаПоНДФЛВНалоговыйОрган_СведенияОВычетах,УдалитьСправкаПоНДФЛВНалоговыйОрган_СведенияОВычетах,Обнаружено сканером,Document_УдалитьСправкаПоНДФЛВНалоговыйОрган_СведенияОВычетах,документ,{},https://1cfresh.com/a/ea/2244652,false,false,false
Document_УдалитьСправкаПоНДФЛВНалоговыйОрган_СведенияОДоходах,УдалитьСправкаПоНДФЛВНалоговыйОрган_СведенияОДоходах,Обнаружено сканером,Document_УдалитьСправкаПоНДФЛВНалоговыйОрган_СведенияОДоходах,документ,{},https://1cfresh.com/a/ea/2244652,false,false,false
Document_УдалитьСправкаПоНДФЛВНалоговыйОрган_СотрудникиОрганизации,УдалитьСправкаПоНДФЛВНалоговыйОрган_СотрудникиОрганизации,Обнаружено сканером,Document_УдалитьСправкаПоНДФЛВНалоговыйОрган_СотрудникиОрганизации,документ,{},https://1cfresh.com/a/ea/2244652,false,false,false
Document_УдалитьСправкаПоНДФЛВНалоговыйОрган_СуммыНалогов,УдалитьСправкаПоНДФЛВНалоговыйОрган_СуммыНалогов,Обнаружено сканером,Document_УдалитьСправкаПоНДФЛВНалоговыйОрган_СуммыНалогов,документ,{},https://1cfresh.com/a/ea/2244652,false,false,false
Document_УдалитьСправкаПоНДФЛВНалоговыйОрганС2015,УдалитьСправкаПоНДФЛВНалоговыйОрганС2015,Обнаружено сканером,Document_УдалитьСправкаПоНДФЛВНалоговыйОрганС2015,документ,{},https://1cfresh.com/a/ea/2244652,false,false,false
Document_УдалитьСправкаПоНДФЛВНалоговыйОрганС2015_СведенияОВычетах,УдалитьСправкаПоНДФЛВНалоговыйОрганС2015_СведенияОВычетах,Обнаружено сканером,Document_УдалитьСправкаПоНДФЛВНалоговыйОрганС2015_СведенияОВычетах,документ,{},https://1cfresh.com/a/ea/2244652,false,false,false
Document_УдалитьСправкаПоНДФЛВНалоговыйОрганС2015_СведенияОДоходах,УдалитьСправкаПоНДФЛВНалоговыйОрганС2015_СведенияОДоходах,Обнаружено сканером,Document_УдалитьСправкаПоНДФЛВНалоговыйОрганС2015_СведенияОДоходах,документ,{},https://1cfresh.com/a/ea/2244652,false,false,false
Document_УдалитьСправкаПоНДФЛВНалоговыйОрганС2015_СотрудникиОрганизации,УдалитьСправкаПоНДФЛВНалоговыйОрганС2015_СотрудникиОрганизации,Обнаружено сканером,Document_УдалитьСправкаПоНДФЛВНалоговыйОрганС2015_СотрудникиОрганизации,документ,{},https://1cfresh.com/a/ea/2244652,false,false,false
Document_УдалитьСправкаПоНДФЛВНалоговыйОрганС2015_СуммыНалогов,УдалитьСправкаПоНДФЛВНалоговыйОрганС2015_СуммыНалогов,Обнаружено сканером,Document_УдалитьСправкаПоНДФЛВНалоговыйОрганС2015_СуммыНалогов,документ,{},https://1cfresh.com/a/ea/2244652,false,false,false
Document_УдалитьСправкаПоНДФЛСотруднику,УдалитьСправкаПоНДФЛСотруднику,Обнаружено сканером,Document_УдалитьСправкаПоНДФЛСотруднику,документ,{},https://1cfresh.com/a/ea/2244652,false,false,false
Document_УдалитьСправкаПоНДФЛСотруднику_СведенияОВычетах,УдалитьСправкаПоНДФЛСотруднику_СведенияОВычетах,Обнаружено сканером,Document_УдалитьСправкаПоНДФЛСотруднику_СведенияОВычетах,документ,{},https://1cfresh.com/a/ea/2244652,false,false,false
Document_УдалитьСправкаПоНДФЛСотруднику_СведенияОДоходах,УдалитьСправкаПоНДФЛСотруднику_СведенияОДоходах,Обнаружено сканером,Document_УдалитьСправкаПоНДФЛСотруднику_СведенияОДоходах,документ,{},https://1cfresh.com/a/ea/2244652,false,false,false
Document_УдалитьСправкаПоНДФЛСотруднику_СуммыНалогов,УдалитьСправкаПоНДФЛСотруднику_СуммыНалогов,Обнаружено сканером,Document_УдалитьСправкаПоНДФЛСотруднику_СуммыНалогов,документ,{},https://1cfresh.com/a/ea/2244652,false,false,false
Document_УдалитьСправкаПоНДФЛСотрудникуС2015,УдалитьСправкаПоНДФЛСотрудникуС2015,Обнаружено сканером,Document_УдалитьСправкаПоНДФЛСотрудникуС2015,документ,{},https://1cfresh.com/a/ea/2244652,false,false,false
Document_УдалитьСправкаПоНДФЛСотрудникуС2015_СведенияОВычетах,УдалитьСправкаПоНДФЛСотрудникуС2015_СведенияОВычетах,Обнаружено сканером,Document_УдалитьСправкаПоНДФЛСотрудникуС2015_СведенияОВычетах,документ,{},https://1cfresh.com/a/ea/2244652,false,false,false
Document_УдалитьСправкаПоНДФЛСотрудникуС2015_СведенияОДоходах,УдалитьСправкаПоНДФЛСотрудникуС2015_СведенияОДоходах,Обнаружено сканером,Document_УдалитьСправкаПоНДФЛСотрудникуС2015_СведенияОДоходах,документ,{},https://1cfresh.com/a/ea/2244652,false,false,false
Document_УдалитьСправкаПоНДФЛСотрудникуС2015_СуммыНалогов,УдалитьСправкаПоНДФЛСотрудникуС2015_СуммыНалогов,Обнаружено сканером,Document_УдалитьСправкаПоНДФЛСотрудникуС2015_СуммыНалогов,документ,{},https://1cfresh.com/a/ea/2244652,false,false,false
Document_УдалитьУвольнениеИзОрганизаций,УдалитьУвольнениеИзОрганизаций,Обнаружено сканером,Document_УдалитьУвольнениеИзОрганизаций,документ,{},https://1cfresh.com/a/ea/2244652,false,false,false
Document_УдалитьУвольнениеИзОрганизаций_РаботникиОрганизации,УдалитьУвольнениеИзОрганизаций_РаботникиОрганизации,Обнаружено сканером,Document_УдалитьУвольнениеИзОрганизаций_РаботникиОрганизации,документ,{},https://1cfresh.com/a/ea/2244652,false,false,false
Document_УстановкаПорядкаЗакрытияПодразделений,УстановкаПорядкаЗакрытияПодразделений,Обнаружено сканером,Document_УстановкаПорядкаЗакрытияПодразделений,документ,{},https://1cfresh.com/a/ea/2244652,false,false,false
Document_УстановкаПорядкаЗакрытияПодразделений_ПорядокЗакрытия,УстановкаПорядкаЗакрытияПодразделений_ПорядокЗакрытия,Обнаружено сканером,Document_УстановкаПорядкаЗакрытияПодразделений_ПорядокЗакрытия,документ,{},https://1cfresh.com/a/ea/2244652,false,false,false
Document_ФормированиеЗаписейКнигиПокупок,ФормированиеЗаписейКнигиПокупок,Обнаружено сканером,Document_ФормированиеЗаписейКнигиПокупок,документ,{},https://1cfresh.com/a/ea/2244652,false,false,false
Document_ФормированиеЗаписейКнигиПокупок_ВычетНДСПоНалоговомуАгенту,ФормированиеЗаписейКнигиПокупок_ВычетНДСПоНалоговомуАгенту,Обнаружено сканером,Document_ФормированиеЗаписейКнигиПокупок_ВычетНДСПоНалоговомуАгенту,документ,{},https://1cfresh.com/a/ea/2244652,false,false,false
Document_ФормированиеЗаписейКнигиПокупок_ВычетПоПриобретеннымЦенностям,ФормированиеЗаписейКнигиПокупок_ВычетПоПриобретеннымЦенностям,Обнаружено сканером,Document_ФормированиеЗаписейКнигиПокупок_ВычетПоПриобретеннымЦенностям,документ,{},https://1cfresh.com/a/ea/2244652,false,false,false
Document_ФормированиеЗаписейКнигиПокупок_ВычетПриИзмененииСтоимостиВСторонуУменьшения,ФормированиеЗаписейКнигиПокупок_ВычетПриИзмененииСтоимостиВСторонуУменьшения,Обнаружено сканером,Document_ФормированиеЗаписейКнигиПокупок_ВычетПриИзмененииСтоимостиВСторонуУменьшения,документ,{},https://1cfresh.com/a/ea/2244652,false,false,false
Document_ФормированиеЗаписейКнигиПокупок_НДСсАвансов,ФормированиеЗаписейКнигиПокупок_НДСсАвансов,Обнаружено сканером,Document_ФормированиеЗаписейКнигиПокупок_НДСсАвансов,документ,{},https://1cfresh.com/a/ea/2244652,false,false,false
Document_ФормированиеЗаписейКнигиПокупок_НДСсАвансовВыданных,ФормированиеЗаписейКнигиПокупок_НДСсАвансовВыданных,Обнаружено сканером,Document_ФормированиеЗаписейКнигиПокупок_НДСсАвансовВыданных,документ,{},https://1cfresh.com/a/ea/2244652,false,false,false
Document_ФормированиеЗаписейКнигиПродаж,ФормированиеЗаписейКнигиПродаж,Обнаружено сканером,Document_ФормированиеЗаписейКнигиПродаж,документ,{},https://1cfresh.com/a/ea/2244652,false,false,false
Document_ФормированиеЗаписейКнигиПродаж_Авансы,ФормированиеЗаписейКнигиПродаж_Авансы,Обнаружено сканером,Document_ФормированиеЗаписейКнигиПродаж_Авансы,документ,{},https://1cfresh.com/a/ea/2244652,false,false,false
Document_ФормированиеЗаписейКнигиПродаж_Восстановлен,ФормированиеЗаписейКнигиПродаж_Восстановлен,Обнаружено сканером,Document_ФормированиеЗаписейКнигиПродаж_Восстановлен,документ,{},https://1cfresh.com/a/ea/2244652,false,false,false
Document_ФормированиеЗаписейКнигиПродаж_ВосстановленПоАвансам,ФормированиеЗаписейКнигиПродаж_ВосстановленПоАвансам,Обнаружено сканером,Document_ФормированиеЗаписейКнигиПродаж_ВосстановленПоАвансам,документ,{},https://1cfresh.com/a/ea/2244652,false,false,false
Document_ФормированиеЗаписейКнигиПродаж_НачисленКУплате,ФормированиеЗаписейКнигиПродаж_НачисленКУплате,Обнаружено сканером,Document_ФормированиеЗаписейКнигиПродаж_НачисленКУплате,документ,{},https://1cfresh.com/a/ea/2244652,false,false,false
Document_ФормированиеЗаписейКнигиПродаж_НеОтражаетсяВКниге,ФормированиеЗаписейКнигиПродаж_НеОтражаетсяВКниге,Обнаружено сканером,Document_ФормированиеЗаписейКнигиПродаж_НеОтражаетсяВКниге,документ,{},https://1cfresh.com/a/ea/2244652,false,false,false
Document_ФормированиеЗаписейКнигиПродаж_Реализация,ФормированиеЗаписейКнигиПродаж_Реализация,Обнаружено сканером,Document_ФормированиеЗаписейКнигиПродаж_Реализация,документ,{},https://1cfresh.com/a/ea/2244652,false,false,false
Document_ФормированиеЗаписейРаздела7ДекларацииНДС,ФормированиеЗаписейРаздела7ДекларацииНДС,Обнаружено сканером,Document_ФормированиеЗаписейРаздела7ДекларацииНДС,документ,{},https://1cfresh.com/a/ea/2244652,false,false,false
Document_ФормированиеЗаписейРаздела7ДекларацииНДС_НеоблагаемыеНДСОперации,ФормированиеЗаписейРаздела7ДекларацииНДС_НеоблагаемыеНДСОперации,Обнаружено сканером,Document_ФормированиеЗаписейРаздела7ДекларацииНДС_НеоблагаемыеНДСОперации,документ,{},https://1cfresh.com/a/ea/2244652,false,false,false
Document_ФормированиеЗаписейРаздела7ДекларацииНДС_ПодтверждающиеДокументы,ФормированиеЗаписейРаздела7ДекларацииНДС_ПодтверждающиеДокументы,Обнаружено сканером,Document_ФормированиеЗаписейРаздела7ДекларацииНДС_ПодтверждающиеДокументы,документ,{},https://1cfresh.com/a/ea/2244652,false,false,false
Document_ФормированиеУставногоКапитала,ФормированиеУставногоКапитала,Обнаружено сканером,Document_ФормированиеУставногоКапитала,документ,{},https://1cfresh.com/a/ea/2244652,false,false,false
Document_ФормированиеУставногоКапитала_Учредители,ФормированиеУставногоКапитала_Учредители,Обнаружено сканером,Document_ФормированиеУставногоКапитала_Учредители,документ,{},https://1cfresh.com/a/ea/2244652,false,false,false
InformationRegister_АрхивДанныхРегламентированнойОтчетности,АрхивДанныхРегламентированнойОтчетности,Обнаружено сканером,InformationRegister_АрхивДанныхРегламентированнойОтчетности,документ,{},https://1cfresh.com/a/ea/2244652,false,false,false
InformationRegister_АрхивДанныхРегламентированнойОтчетности_RecordType,АрхивДанныхРегламентированнойОтчетности_RecordType,Обнаружено сканером,InformationRegister_АрхивДанныхРегламентированнойОтчетности_RecordType,документ,{},https://1cfresh.com/a/ea/2244652,false,false,false
InformationRegister_ВидыЗанятостиСотрудников,ВидыЗанятостиСотрудников,Обнаружено сканером,InformationRegister_ВидыЗанятостиСотрудников,документ,{},https://1cfresh.com/a/ea/2244652,false,false,false
InformationRegister_ВидыЗанятостиСотрудников_RecordType,ВидыЗанятостиСотрудников_RecordType,Обнаружено сканером,InformationRegister_ВидыЗанятостиСотрудников_RecordType,документ,{},https://1cfresh.com/a/ea/2244652,false,false,false
InformationRegister_ГрафикиАмортизацииОСБухгалтерскийУчет,ГрафикиАмортизацииОСБухгалтерскийУчет,Обнаружено сканером,InformationRegister_ГрафикиАмортизацииОСБухгалтерскийУчет,документ,{},https://1cfresh.com/a/ea/2244652,false,false,false
InformationRegister_ГрафикиАмортизацииОСБухгалтерскийУчет_RecordType,ГрафикиАмортизацииОСБухгалтерскийУчет_RecordType,Обнаружено сканером,InformationRegister_ГрафикиАмортизацииОСБухгалтерскийУчет_RecordType,документ,{},https://1cfresh.com/a/ea/2244652,false,false,false
InformationRegister_ДанныеПоУдержаниямДляПечатиЧеков,ДанныеПоУдержаниямДляПечатиЧеков,Обнаружено сканером,InformationRegister_ДанныеПоУдержаниямДляПечатиЧеков,документ,{},https://1cfresh.com/a/ea/2244652,false,false,false
InformationRegister_ДанныеПоУдержаниямДляПечатиЧеков_RecordType,ДанныеПоУдержаниямДляПечатиЧеков_RecordType,Обнаружено сканером,InformationRegister_ДанныеПоУдержаниямДляПечатиЧеков_RecordType,документ,{},https://1cfresh.com/a/ea/2244652,false,false,false
InformationRegister_ДанныеПредметовАренды,ДанныеПредметовАренды,Обнаружено сканером,InformationRegister_ДанныеПредметовАренды,документ,{},https://1cfresh.com/a/ea/2244652,false,false,false
InformationRegister_ДанныеПредметовАренды_RecordType,ДанныеПредметовАренды_RecordType,Обнаружено сканером,InformationRegister_ДанныеПредметовАренды_RecordType,документ,{},https://1cfresh.com/a/ea/2244652,false,false,false
InformationRegister_ДокументыПоНеоблагаемымНДСОперациям,ДокументыПоНеоблагаемымНДСОперациям,Обнаружено сканером,InformationRegister_ДокументыПоНеоблагаемымНДСОперациям,документ,{},https://1cfresh.com/a/ea/2244652,false,false,false
InformationRegister_ДокументыПоНеоблагаемымНДСОперациям_RecordType,ДокументыПоНеоблагаемымНДСОперациям_RecordType,Обнаружено сканером,InformationRegister_ДокументыПоНеоблагаемымНДСОперациям_RecordType,документ,{},https://1cfresh.com/a/ea/2244652,false,false,false
InformationRegister_ДолиСписанияКосвенныхРасходов,ДолиСписанияКосвенныхРасходов,Обнаружено сканером,InformationRegister_ДолиСписанияКосвенныхРасходов,документ,{},https://1cfresh.com/a/ea/2244652,false,false,false
InformationRegister_ДолиСписанияКосвенныхРасходов_RecordType,ДолиСписанияКосвенныхРасходов_RecordType,Обнаружено сканером,InformationRegister_ДолиСписанияКосвенныхРасходов_RecordType,документ,{},https://1cfresh.com/a/ea/2244652,false,false,false
InformationRegister_ЖурналУчетаСчетовФактур,ЖурналУчетаСчетовФактур,Обнаружено сканером,InformationRegister_ЖурналУчетаСчетовФактур,документ,{},https://1cfresh.com/a/ea/2244652,false,false,false
InformationRegister_ЖурналУчетаСчетовФактур_RecordType,ЖурналУчетаСчетовФактур_RecordType,Обнаружено сканером,InformationRegister_ЖурналУчетаСчетовФактур_RecordType,документ,{},https://1cfresh.com/a/ea/2244652,false,false,false
InformationRegister_ИПРасчетНДФЛ,ИПРасчетНДФЛ,Обнаружено сканером,InformationRegister_ИПРасчетНДФЛ,документ,{},https://1cfresh.com/a/ea/2244652,false,false,false
InformationRegister_ИПРасчетНДФЛ_RecordType,ИПРасчетНДФЛ_RecordType,Обнаружено сканером,InformationRegister_ИПРасчетНДФЛ_RecordType,документ,{},https://1cfresh.com/a/ea/2244652,false,false,false
InformationRegister_ИмпортТоваровТаможенныйСоюз,ИмпортТоваровТаможенныйСоюз,Обнаружено сканером,InformationRegister_ИмпортТоваровТаможенныйСоюз,документ,{},https://1cfresh.com/a/ea/2244652,false,false,false
InformationRegister_ИмпортТоваровТаможенныйСоюз_RecordType,ИмпортТоваровТаможенныйСоюз_RecordType,Обнаружено сканером,InformationRegister_ИмпортТоваровТаможенныйСоюз_RecordType,документ,{},https://1cfresh.com/a/ea/2244652,false,false,false
InformationRegister_КадроваяИсторияСотрудников,КадроваяИсторияСотрудников,Обнаружено сканером,InformationRegister_КадроваяИсторияСотрудников,документ,{},https://1cfresh.com/a/ea/2244652,false,false,false
InformationRegister_КадроваяИсторияСотрудников_RecordType,КадроваяИсторияСотрудников_RecordType,Обнаружено сканером,InformationRegister_КадроваяИсторияСотрудников_RecordType,документ,{},https://1cfresh.com/a/ea/2244652,false,false,false
InformationRegister_КлассификацияПоСрокамОтдельныхВидовЗадолженности,КлассификацияПоСрокамОтдельныхВидовЗадолженности,Обнаружено сканером,InformationRegister_КлассификацияПоСрокамОтдельныхВидовЗадолженности,документ,{},https://1cfresh.com/a/ea/2244652,false,false,false
InformationRegister_КлассификацияПоСрокамОтдельныхВидовЗадолженности_RecordType,КлассификацияПоСрокамОтдельныхВидовЗадолженности_RecordType,Обнаружено сканером,InformationRegister_КлассификацияПоСрокамОтдельныхВидовЗадолженности_RecordType,документ,{},https://1cfresh.com/a/ea/2244652,false,false,false
InformationRegister_КлассификацияПоСрокамРасходовБудущихПериодов,КлассификацияПоСрокамРасходовБудущихПериодов,Обнаружено сканером,InformationRegister_КлассификацияПоСрокамРасходовБудущихПериодов,документ,{},https://1cfresh.com/a/ea/2244652,false,false,false
InformationRegister_КлассификацияПоСрокамРасходовБудущихПериодов_RecordType,КлассификацияПоСрокамРасходовБудущихПериодов_RecordType,Обнаружено сканером,InformationRegister_КлассификацияПоСрокамРасходовБудущихПериодов_RecordType,документ,{},https://1cfresh.com/a/ea/2244652,false,false,false
InformationRegister_КосвенныеНалогиСведенияИзДОПП,КосвенныеНалогиСведенияИзДОПП,Обнаружено сканером,InformationRegister_КосвенныеНалогиСведенияИзДОПП,документ,{},https://1cfresh.com/a/ea/2244652,false,false,false
InformationRegister_КосвенныеНалогиСведенияИзДОПП_RecordType,КосвенныеНалогиСведенияИзДОПП_RecordType,Обнаружено сканером,InformationRegister_КосвенныеНалогиСведенияИзДОПП_RecordType,документ,{},https://1cfresh.com/a/ea/2244652,false,false,false
InformationRegister_МестонахождениеОСБухгалтерскийУчет,МестонахождениеОСБухгалтерскийУчет,Обнаружено сканером,InformationRegister_МестонахождениеОСБухгалтерскийУчет,документ,{},https://1cfresh.com/a/ea/2244652,false,false,false
InformationRegister_МестонахождениеОСБухгалтерскийУчет_RecordType,МестонахождениеОСБухгалтерскийУчет_RecordType,Обнаружено сканером,InformationRegister_МестонахождениеОСБухгалтерскийУчет_RecordType,документ,{},https://1cfresh.com/a/ea/2244652,false,false,false
InformationRegister_НачислениеАмортизацииНМАСпециальныйКоэффициентНалоговыйУчет,НачислениеАмортизацииНМАСпециальныйКоэффициентНалоговыйУчет,Обнаружено сканером,InformationRegister_НачислениеАмортизацииНМАСпециальныйКоэффициентНалоговыйУчет,документ,{},https://1cfresh.com/a/ea/2244652,false,false,false
InformationRegister_НачислениеАмортизацииНМАСпециальныйКоэффициентНалоговыйУчет_RecordType,НачислениеАмортизацииНМАСпециальныйКоэффициентНалоговыйУчет_RecordType,Обнаружено сканером,InformationRegister_НачислениеАмортизацииНМАСпециальныйКоэффициентНалоговыйУчет_RecordType,документ,{},https://1cfresh.com/a/ea/2244652,false,false,false
InformationRegister_НачислениеАмортизацииОСБухгалтерскийУчет,НачислениеАмортизацииОСБухгалтерскийУчет,Обнаружено сканером,InformationRegister_НачислениеАмортизацииОСБухгалтерскийУчет,документ,{},https://1cfresh.com/a/ea/2244652,false,false,false
InformationRegister_НачислениеАмортизацииОСБухгалтерскийУчет_RecordType,НачислениеАмортизацииОСБухгалтерскийУчет_RecordType,Обнаружено сканером,InformationRegister_НачислениеАмортизацииОСБухгалтерскийУчет_RecordType,документ,{},https://1cfresh.com/a/ea/2244652,false,false,false
InformationRegister_НачислениеАмортизацииОСНалоговыйУчет,НачислениеАмортизацииОСНалоговыйУчет,Обнаружено сканером,InformationRegister_НачислениеАмортизацииОСНалоговыйУчет,документ,{},https://1cfresh.com/a/ea/2244652,false,false,false
InformationRegister_НачислениеАмортизацииОСНалоговыйУчет_RecordType,НачислениеАмортизацииОСНалоговыйУчет_RecordType,Обнаружено сканером,InformationRegister_НачислениеАмортизацииОСНалоговыйУчет_RecordType,документ,{},https://1cfresh.com/a/ea/2244652,false,false,false
InformationRegister_НачислениеАмортизацииОССпециальныйКоэффициентНалоговыйУчет,НачислениеАмортизацииОССпециальныйКоэффициентНалоговыйУчет,Обнаружено сканером,InformationRegister_НачислениеАмортизацииОССпециальныйКоэффициентНалоговыйУчет,документ,{},https://1cfresh.com/a/ea/2244652,false,false,false
InformationRegister_НачислениеАмортизацииОССпециальныйКоэффициентНалоговыйУчет_RecordType,НачислениеАмортизацииОССпециальныйКоэффициентНалоговыйУчет_RecordType,Обнаружено сканером,InformationRegister_НачислениеАмортизацииОССпециальныйКоэффициентНалоговыйУчет_RecordType,документ,{},https://1cfresh.com/a/ea/2244652,false,false,false
InformationRegister_ОперацииСПрослеживаемымиТоварами,ОперацииСПрослеживаемымиТоварами,Обнаружено сканером,InformationRegister_ОперацииСПрослеживаемымиТоварами,документ,{},https://1cfresh.com/a/ea/2244652,false,false,false
InformationRegister_ОперацииСПрослеживаемымиТоварами_RecordType,ОперацииСПрослеживаемымиТоварами_RecordType,Обнаружено сканером,InformationRegister_ОперацииСПрослеживаемымиТоварами_RecordType,документ,{},https://1cfresh.com/a/ea/2244652,false,false,false
InformationRegister_ОплатаВедомостейНаВыплатуЗарплаты,ОплатаВедомостейНаВыплатуЗарплаты,Обнаружено сканером,InformationRegister_ОплатаВедомостейНаВыплатуЗарплаты,документ,{},https://1cfresh.com/a/ea/2244652,false,false,false
InformationRegister_ОплатаВедомостейНаВыплатуЗарплаты_RecordType,ОплатаВедомостейНаВыплатуЗарплаты_RecordType,Обнаружено сканером,InformationRegister_ОплатаВедомостейНаВыплатуЗарплаты_RecordType,документ,{},https://1cfresh.com/a/ea/2244652,false,false,false
InformationRegister_ОшибочныеРеквизитыКонтрагентов,ОшибочныеРеквизитыКонтрагентов,Обнаружено сканером,InformationRegister_ОшибочныеРеквизитыКонтрагентов,документ,{},https://1cfresh.com/a/ea/2244652,false,false,false
InformationRegister_ОшибочныеРеквизитыКонтрагентов_RecordType,ОшибочныеРеквизитыКонтрагентов_RecordType,Обнаружено сканером,InformationRegister_ОшибочныеРеквизитыКонтрагентов_RecordType,документ,{},https://1cfresh.com/a/ea/2244652,false,false,false
InformationRegister_ПараметрыАмортизацииОСБухгалтерскийУчет,ПараметрыАмортизацииОСБухгалтерскийУчет,Обнаружено сканером,InformationRegister_ПараметрыАмортизацииОСБухгалтерскийУчет,документ,{},https://1cfresh.com/a/ea/2244652,false,false,false
InformationRegister_ПараметрыАмортизацииОСБухгалтерскийУчет_RecordType,ПараметрыАмортизацииОСБухгалтерскийУчет_RecordType,Обнаружено сканером,InformationRegister_ПараметрыАмортизацииОСБухгалтерскийУчет_RecordType,документ,{},https://1cfresh.com/a/ea/2244652,false,false,false
InformationRegister_ПараметрыАмортизацииОСНалоговыйУчет,ПараметрыАмортизацииОСНалоговыйУчет,Обнаружено сканером,InformationRegister_ПараметрыАмортизацииОСНалоговыйУчет,документ,{},https://1cfresh.com/a/ea/2244652,false,false,false
InformationRegister_ПараметрыАмортизацииОСНалоговыйУчет_RecordType,ПараметрыАмортизацииОСНалоговыйУчет_RecordType,Обнаружено сканером,InformationRegister_ПараметрыАмортизацииОСНалоговыйУчет_RecordType,документ,{},https://1cfresh.com/a/ea/2244652,false,false,false
InformationRegister_ПараметрыПериодовСтажаПФР,ПараметрыПериодовСтажаПФР,Обнаружено сканером,InformationRegister_ПараметрыПериодовСтажаПФР,документ,{},https://1cfresh.com/a/ea/2244652,false,false,false
InformationRegister_ПараметрыПериодовСтажаПФР_RecordType,ПараметрыПериодовСтажаПФР_RecordType,Обнаружено сканером,InformationRegister_ПараметрыПериодовСтажаПФР_RecordType,документ,{},https://1cfresh.com/a/ea/2244652,false,false,false
InformationRegister_ПервоначальныеСведенияНМАБухгалтерскийУчет,ПервоначальныеСведенияНМАБухгалтерскийУчет,Обнаружено сканером,InformationRegister_ПервоначальныеСведенияНМАБухгалтерскийУчет,документ,{},https://1cfresh.com/a/ea/2244652,false,false,false
InformationRegister_ПервоначальныеСведенияНМАБухгалтерскийУчет_RecordType,ПервоначальныеСведенияНМАБухгалтерскийУчет_RecordType,Обнаружено сканером,InformationRegister_ПервоначальныеСведенияНМАБухгалтерскийУчет_RecordType,документ,{},https://1cfresh.com/a/ea/2244652,false,false,false
InformationRegister_ПервоначальныеСведенияНМАНалоговыйУчет,ПервоначальныеСведенияНМАНалоговыйУчет,Обнаружено сканером,InformationRegister_ПервоначальныеСведенияНМАНалоговыйУчет,документ,{},https://1cfresh.com/a/ea/2244652,false,false,false
InformationRegister_ПервоначальныеСведенияНМАНалоговыйУчет_RecordType,ПервоначальныеСведенияНМАНалоговыйУчет_RecordType,Обнаружено сканером,InformationRegister_ПервоначальныеСведенияНМАНалоговыйУчет_RecordType,документ,{},https://1cfresh.com/a/ea/2244652,false,false,false
InformationRegister_ПервоначальныеСведенияОСБухгалтерскийУчет,ПервоначальныеСведенияОСБухгалтерскийУчет,Обнаружено сканером,InformationRegister_ПервоначальныеСведенияОСБухгалтерскийУчет,документ,{},https://1cfresh.com/a/ea/2244652,false,false,false
InformationRegister_ПервоначальныеСведенияОСБухгалтерскийУчет_RecordType,ПервоначальныеСведенияОСБухгалтерскийУчет_RecordType,Обнаружено сканером,InformationRegister_ПервоначальныеСведенияОСБухгалтерскийУчет_RecordType,документ,{},https://1cfresh.com/a/ea/2244652,false,false,false
InformationRegister_ПервоначальныеСведенияОСНалоговыйУчет,ПервоначальныеСведенияОСНалоговыйУчет,Обнаружено сканером,InformationRegister_ПервоначальныеСведенияОСНалоговыйУчет,документ,{},https://1cfresh.com/a/ea/2244652,false,false,false
InformationRegister_ПервоначальныеСведенияОСНалоговыйУчет_RecordType,ПервоначальныеСведенияОСНалоговыйУчет_RecordType,Обнаружено сканером,InformationRegister_ПервоначальныеСведенияОСНалоговыйУчет_RecordType,документ,{},https://1cfresh.com/a/ea/2244652,false,false,false
InformationRegister_ПлановыеУдержания,ПлановыеУдержания,Обнаружено сканером,InformationRegister_ПлановыеУдержания,документ,{},https://1cfresh.com/a/ea/2244652,false,false,false
InformationRegister_ПлановыеУдержания_RecordType,ПлановыеУдержания_RecordType,Обнаружено сканером,InformationRegister_ПлановыеУдержания_RecordType,документ,{},https://1cfresh.com/a/ea/2244652,false,false,false
InformationRegister_ПорядокЗакрытияПодразделенийОрганизаций,ПорядокЗакрытияПодразделенийОрганизаций,Обнаружено сканером,InformationRegister_ПорядокЗакрытияПодразделенийОрганизаций,документ,{},https://1cfresh.com/a/ea/2244652,false,false,false
InformationRegister_ПорядокЗакрытияПодразделенийОрганизаций_RecordType,ПорядокЗакрытияПодразделенийОрганизаций_RecordType,Обнаружено сканером,InformationRegister_ПорядокЗакрытияПодразделенийОрганизаций_RecordType,документ,{},https://1cfresh.com/a/ea/2244652,false,false,false
InformationRegister_ПримененныеСтавкиОтложенногоНалога,ПримененныеСтавкиОтложенногоНалога,Обнаружено сканером,InformationRegister_ПримененныеСтавкиОтложенногоНалога,документ,{},https://1cfresh.com/a/ea/2244652,false,false,false
InformationRegister_ПримененныеСтавкиОтложенногоНалога_RecordType,ПримененныеСтавкиОтложенногоНалога_RecordType,Обнаружено сканером,InformationRegister_ПримененныеСтавкиОтложенногоНалога_RecordType,документ,{},https://1cfresh.com/a/ea/2244652,false,false,false
InformationRegister_РасходыНаОнлайнКассыУменьшающиеНалогПСН,РасходыНаОнлайнКассыУменьшающиеНалогПСН,Обнаружено сканером,InformationRegister_РасходыНаОнлайнКассыУменьшающиеНалогПСН,документ,{},https://1cfresh.com/a/ea/2244652,false,false,false
InformationRegister_РасходыНаОнлайнКассыУменьшающиеНалогПСН_RecordType,РасходыНаОнлайнКассыУменьшающиеНалогПСН_RecordType,Обнаружено сканером,InformationRegister_РасходыНаОнлайнКассыУменьшающиеНалогПСН_RecordType,документ,{},https://1cfresh.com/a/ea/2244652,false,false,false
InformationRegister_РасчетАмортизации,РасчетАмортизации,Обнаружено сканером,InformationRegister_РасчетАмортизации,документ,{},https://1cfresh.com/a/ea/2244652,false,false,false
InformationRegister_РасчетАмортизации_RecordType,РасчетАмортизации_RecordType,Обнаружено сканером,InformationRegister_РасчетАмортизации_RecordType,документ,{},https://1cfresh.com/a/ea/2244652,false,false,false
InformationRegister_РасчетАмортизацииГрупповыхОбъектовОС,РасчетАмортизацииГрупповыхОбъектовОС,Обнаружено сканером,InformationRegister_РасчетАмортизацииГрупповыхОбъектовОС,документ,{},https://1cfresh.com/a/ea/2244652,false,false,false
InformationRegister_РасчетАмортизацииГрупповыхОбъектовОС_RecordType,РасчетАмортизацииГрупповыхОбъектовОС_RecordType,Обнаружено сканером,InformationRegister_РасчетАмортизацииГрупповыхОбъектовОС_RecordType,документ,{},https://1cfresh.com/a/ea/2244652,false,false,false
InformationRegister_РасчетБазыНормированияПоДоговорамСтрахования,РасчетБазыНормированияПоДоговорамСтрахования,Обнаружено сканером,InformationRegister_РасчетБазыНормированияПоДоговорамСтрахования,документ,{},https://1cfresh.com/a/ea/2244652,false,false,false
InformationRegister_РасчетБазыНормированияПоДоговорамСтрахования_RecordType,РасчетБазыНормированияПоДоговорамСтрахования_RecordType,Обнаружено сканером,InformationRegister_РасчетБазыНормированияПоДоговорамСтрахования_RecordType,документ,{},https://1cfresh.com/a/ea/2244652,false,false,false
InformationRegister_РасчетБазыРаспределенияЗатратЭквивалентныеЕдиницы,РасчетБазыРаспределенияЗатратЭквивалентныеЕдиницы,Обнаружено сканером,InformationRegister_РасчетБазыРаспределенияЗатратЭквивалентныеЕдиницы,документ,{},https://1cfresh.com/a/ea/2244652,false,false,false
InformationRegister_РасчетБазыРаспределенияЗатратЭквивалентныеЕдиницы_RecordType,РасчетБазыРаспределенияЗатратЭквивалентныеЕдиницы_RecordType,Обнаружено сканером,InformationRegister_РасчетБазыРаспределенияЗатратЭквивалентныеЕдиницы_RecordType,документ,{},https://1cfresh.com/a/ea/2244652,false,false,false
InformationRegister_РасчетЗемельногоНалога,РасчетЗемельногоНалога,Обнаружено сканером,InformationRegister_РасчетЗемельногоНалога,документ,{},https://1cfresh.com/a/ea/2244652,false,false,false
InformationRegister_РасчетЗемельногоНалога_RecordType,РасчетЗемельногоНалога_RecordType,Обнаружено сканером,InformationRegister_РасчетЗемельногоНалога_RecordType,документ,{},https://1cfresh.com/a/ea/2244652,false,false,false
InformationRegister_РасчетЗемельногоНалогаДо2020,РасчетЗемельногоНалогаДо2020,Обнаружено сканером,InformationRegister_РасчетЗемельногоНалогаДо2020,документ,{},https://1cfresh.com/a/ea/2244652,false,false,false
InformationRegister_РасчетЗемельногоНалогаДо2020_RecordType,РасчетЗемельногоНалогаДо2020_RecordType,Обнаружено сканером,InformationRegister_РасчетЗемельногоНалогаДо2020_RecordType,документ,{},https://1cfresh.com/a/ea/2244652,false,false,false
InformationRegister_РасчетКалькуляцииСебестоимости,РасчетКалькуляцииСебестоимости,Обнаружено сканером,InformationRegister_РасчетКалькуляцииСебестоимости,документ,{},https://1cfresh.com/a/ea/2244652,false,false,false
InformationRegister_РасчетКалькуляцииСебестоимости_RecordType,РасчетКалькуляцииСебестоимости_RecordType,Обнаружено сканером,InformationRegister_РасчетКалькуляцииСебестоимости_RecordType,документ,{},https://1cfresh.com/a/ea/2244652,false,false,false
InformationRegister_РасчетНалогаНаИмущество,РасчетНалогаНаИмущество,Обнаружено сканером,InformationRegister_РасчетНалогаНаИмущество,документ,{},https://1cfresh.com/a/ea/2244652,false,false,false
InformationRegister_РасчетНалогаНаИмущество_RecordType,РасчетНалогаНаИмущество_RecordType,Обнаружено сканером,InformationRegister_РасчетНалогаНаИмущество_RecordType,документ,{},https://1cfresh.com/a/ea/2244652,false,false,false
InformationRegister_РасчетНалогаНаИмуществоПоКадастровойСтоимости,РасчетНалогаНаИмуществоПоКадастровойСтоимости,Обнаружено сканером,InformationRegister_РасчетНалогаНаИмуществоПоКадастровойСтоимости,документ,{},https://1cfresh.com/a/ea/2244652,false,false,false
InformationRegister_РасчетНалогаНаИмуществоПоКадастровойСтоимости_RecordType,РасчетНалогаНаИмуществоПоКадастровойСтоимости_RecordType,Обнаружено сканером,InformationRegister_РасчетНалогаНаИмуществоПоКадастровойСтоимости_RecordType,документ,{},https://1cfresh.com/a/ea/2244652,false,false,false
InformationRegister_РасчетНалогаНаИмуществоПоСреднегодовойСтоимости,РасчетНалогаНаИмуществоПоСреднегодовойСтоимости,Обнаружено сканером,InformationRegister_РасчетНалогаНаИмуществоПоСреднегодовойСтоимости,документ,{},https://1cfresh.com/a/ea/2244652,false,false,false
InformationRegister_РасчетНалогаНаИмуществоПоСреднегодовойСтоимости_RecordType,РасчетНалогаНаИмуществоПоСреднегодовойСтоимости_RecordType,Обнаружено сканером,InformationRegister_РасчетНалогаНаИмуществоПоСреднегодовойСтоимости_RecordType,документ,{},https://1cfresh.com/a/ea/2244652,false,false,false
InformationRegister_РасчетНалогаУСН,РасчетНалогаУСН,Обнаружено сканером,InformationRegister_РасчетНалогаУСН,документ,{},https://1cfresh.com/a/ea/2244652,false,false,false
InformationRegister_РасчетНалогаУСН_RecordType,РасчетНалогаУСН_RecordType,Обнаружено сканером,InformationRegister_РасчетНалогаУСН_RecordType,документ,{},https://1cfresh.com/a/ea/2244652,false,false,false
InformationRegister_РасчетНачальногоСальдоПрямыхЗатрат,РасчетНачальногоСальдоПрямыхЗатрат,Обнаружено сканером,InformationRegister_РасчетНачальногоСальдоПрямыхЗатрат,документ,{},https://1cfresh.com/a/ea/2244652,false,false,false
InformationRegister_РасчетНачальногоСальдоПрямыхЗатрат_RecordType,РасчетНачальногоСальдоПрямыхЗатрат_RecordType,Обнаружено сканером,InformationRegister_РасчетНачальногоСальдоПрямыхЗатрат_RecordType,документ,{},https://1cfresh.com/a/ea/2244652,false,false,false
InformationRegister_РасчетНачисленияНалоговНаЕНС,РасчетНачисленияНалоговНаЕНС,Обнаружено сканером,InformationRegister_РасчетНачисленияНалоговНаЕНС,документ,{},https://1cfresh.com/a/ea/2244652,false,false,false
InformationRegister_РасчетНачисленияНалоговНаЕНС_RecordType,РасчетНачисленияНалоговНаЕНС_RecordType,Обнаружено сканером,InformationRegister_РасчетНачисленияНалоговНаЕНС_RecordType,документ,{},https://1cfresh.com/a/ea/2244652,false,false,false
InformationRegister_РасчетНачисленияПроцентовПоКредитамЗаймам,РасчетНачисленияПроцентовПоКредитамЗаймам,Обнаружено сканером,InformationRegister_РасчетНачисленияПроцентовПоКредитамЗаймам,документ,{},https://1cfresh.com/a/ea/2244652,false,false,false
InformationRegister_РасчетНачисленияПроцентовПоКредитамЗаймам_RecordType,РасчетНачисленияПроцентовПоКредитамЗаймам_RecordType,Обнаружено сканером,InformationRegister_РасчетНачисленияПроцентовПоКредитамЗаймам_RecordType,документ,{},https://1cfresh.com/a/ea/2244652,false,false,false
InformationRegister_РасчетНормированияРасходов,РасчетНормированияРасходов,Обнаружено сканером,InformationRegister_РасчетНормированияРасходов,документ,{},https://1cfresh.com/a/ea/2244652,false,false,false
InformationRegister_РасчетНормированияРасходов_RecordType,РасчетНормированияРасходов_RecordType,Обнаружено сканером,InformationRegister_РасчетНормированияРасходов_RecordType,документ,{},https://1cfresh.com/a/ea/2244652,false,false,false
InformationRegister_РасчетОтложенногоНалога,РасчетОтложенногоНалога,Обнаружено сканером,InformationRegister_РасчетОтложенногоНалога,документ,{},https://1cfresh.com/a/ea/2244652,false,false,false
InformationRegister_РасчетОтложенногоНалога_RecordType,РасчетОтложенногоНалога_RecordType,Обнаружено сканером,InformationRegister_РасчетОтложенногоНалога_RecordType,документ,{},https://1cfresh.com/a/ea/2244652,false,false,false
InformationRegister_РасчетПереоценкиВалютныхСредств,РасчетПереоценкиВалютныхСредств,Обнаружено сканером,InformationRegister_РасчетПереоценкиВалютныхСредств,документ,{},https://1cfresh.com/a/ea/2244652,false,false,false
InformationRegister_РасчетПереоценкиВалютныхСредств_RecordType,РасчетПереоценкиВалютныхСредств_RecordType,Обнаружено сканером,InformationRegister_РасчетПереоценкиВалютныхСредств_RecordType,документ,{},https://1cfresh.com/a/ea/2244652,false,false,false
InformationRegister_РасчетПереходНаФСБУ6,РасчетПереходНаФСБУ6,Обнаружено сканером,InformationRegister_РасчетПереходНаФСБУ6,документ,{},https://1cfresh.com/a/ea/2244652,false,false,false
InformationRegister_РасчетПереходНаФСБУ6_RecordType,РасчетПереходНаФСБУ6_RecordType,Обнаружено сканером,InformationRegister_РасчетПереходНаФСБУ6_RecordType,документ,{},https://1cfresh.com/a/ea/2244652,false,false,false
InformationRegister_РасчетПоказателейОтложенногоНалога,РасчетПоказателейОтложенногоНалога,Обнаружено сканером,InformationRegister_РасчетПоказателейОтложенногоНалога,документ,{},https://1cfresh.com/a/ea/2244652,false,false,false
InformationRegister_РасчетПоказателейОтложенногоНалога_RecordType,РасчетПоказателейОтложенногоНалога_RecordType,Обнаружено сканером,InformationRegister_РасчетПоказателейОтложенногоНалога_RecordType,документ,{},https://1cfresh.com/a/ea/2244652,false,false,false
InformationRegister_РасчетПорядкаПеределов,РасчетПорядкаПеределов,Обнаружено сканером,InformationRegister_РасчетПорядкаПеределов,документ,{},https://1cfresh.com/a/ea/2244652,false,false,false
InformationRegister_РасчетПорядкаПеределов_RecordType,РасчетПорядкаПеределов_RecordType,Обнаружено сканером,InformationRegister_РасчетПорядкаПеределов_RecordType,документ,{},https://1cfresh.com/a/ea/2244652,false,false,false
InformationRegister_РасчетРазницВОценкеАктивовИОбязательств,РасчетРазницВОценкеАктивовИОбязательств,Обнаружено сканером,InformationRegister_РасчетРазницВОценкеАктивовИОбязательств,документ,{},https://1cfresh.com/a/ea/2244652,false,false,false
InformationRegister_РасчетРазницВОценкеАктивовИОбязательств_RecordType,РасчетРазницВОценкеАктивовИОбязательств_RecordType,Обнаружено сканером,InformationRegister_РасчетРазницВОценкеАктивовИОбязательств_RecordType,документ,{},https://1cfresh.com/a/ea/2244652,false,false,false
InformationRegister_РасчетРаспределенияКосвенныхРасходов,РасчетРаспределенияКосвенныхРасходов,Обнаружено сканером,InformationRegister_РасчетРаспределенияКосвенныхРасходов,документ,{},https://1cfresh.com/a/ea/2244652,false,false,false
InformationRegister_РасчетРаспределенияКосвенныхРасходов_RecordType,РасчетРаспределенияКосвенныхРасходов_RecordType,Обнаружено сканером,InformationRegister_РасчетРаспределенияКосвенныхРасходов_RecordType,документ,{},https://1cfresh.com/a/ea/2244652,false,false,false
InformationRegister_РасчетРасходовПоАренде,РасчетРасходовПоАренде,Обнаружено сканером,InformationRegister_РасчетРасходовПоАренде,документ,{},https://1cfresh.com/a/ea/2244652,false,false,false
InformationRegister_РасчетРасходовПоАренде_RecordType,РасчетРасходовПоАренде_RecordType,Обнаружено сканером,InformationRegister_РасчетРасходовПоАренде_RecordType,документ,{},https://1cfresh.com/a/ea/2244652,false,false,false
InformationRegister_РасчетРеализацииОтложенныхКурсовыхРазниц,РасчетРеализацииОтложенныхКурсовыхРазниц,Обнаружено сканером,InformationRegister_РасчетРеализацииОтложенныхКурсовыхРазниц,документ,{},https://1cfresh.com/a/ea/2244652,false,false,false
InformationRegister_РасчетРеализацииОтложенныхКурсовыхРазниц_RecordType,РасчетРеализацииОтложенныхКурсовыхРазниц_RecordType,Обнаружено сканером,InformationRegister_РасчетРеализацииОтложенныхКурсовыхРазниц_RecordType,документ,{},https://1cfresh.com/a/ea/2244652,false,false,false
InformationRegister_РасчетРезерваОтпусков,РасчетРезерваОтпусков,Обнаружено сканером,InformationRegister_РасчетРезерваОтпусков,документ,{},https://1cfresh.com/a/ea/2244652,false,false,false
InformationRegister_РасчетРезерваОтпусков_RecordType,РасчетРезерваОтпусков_RecordType,Обнаружено сканером,InformationRegister_РасчетРезерваОтпусков_RecordType,документ,{},https://1cfresh.com/a/ea/2244652,false,false,false
InformationRegister_РасчетРезервовПоСомнительнымДолгам,РасчетРезервовПоСомнительнымДолгам,Обнаружено сканером,InformationRegister_РасчетРезервовПоСомнительнымДолгам,документ,{},https://1cfresh.com/a/ea/2244652,false,false,false
InformationRegister_РасчетРезервовПоСомнительнымДолгам_RecordType,РасчетРезервовПоСомнительнымДолгам_RecordType,Обнаружено сканером,InformationRegister_РасчетРезервовПоСомнительнымДолгам_RecordType,документ,{},https://1cfresh.com/a/ea/2244652,false,false,false
InformationRegister_РасчетРесурсаВнеоборотныхАктивов,РасчетРесурсаВнеоборотныхАктивов,Обнаружено сканером,InformationRegister_РасчетРесурсаВнеоборотныхАктивов,документ,{},https://1cfresh.com/a/ea/2244652,false,false,false
InformationRegister_РасчетРесурсаВнеоборотныхАктивов_RecordType,РасчетРесурсаВнеоборотныхАктивов_RecordType,Обнаружено сканером,InformationRegister_РасчетРесурсаВнеоборотныхАктивов_RecordType,документ,{},https://1cfresh.com/a/ea/2244652,false,false,false
InformationRegister_РасчетСебестоимостиПродукции,РасчетСебестоимостиПродукции,Обнаружено сканером,InformationRegister_РасчетСебестоимостиПродукции,документ,{},https://1cfresh.com/a/ea/2244652,false,false,false
InformationRegister_РасчетСебестоимостиПродукции_RecordType,РасчетСебестоимостиПродукции_RecordType,Обнаружено сканером,InformationRegister_РасчетСебестоимостиПродукции_RecordType,документ,{},https://1cfresh.com/a/ea/2244652,false,false,false
InformationRegister_РасчетСписанияКосвенныхРасходов,РасчетСписанияКосвенныхРасходов,Обнаружено сканером,InformationRegister_РасчетСписанияКосвенныхРасходов,документ,{},https://1cfresh.com/a/ea/2244652,false,false,false
InformationRegister_РасчетСписанияКосвенныхРасходов_RecordType,РасчетСписанияКосвенныхРасходов_RecordType,Обнаружено сканером,InformationRegister_РасчетСписанияКосвенныхРасходов_RecordType,документ,{},https://1cfresh.com/a/ea/2244652,false,false,false
InformationRegister_РасчетСписанияРБП,РасчетСписанияРБП,Обнаружено сканером,InformationRegister_РасчетСписанияРБП,документ,{},https://1cfresh.com/a/ea/2244652,false,false,false
InformationRegister_РасчетСписанияРБП_RecordType,РасчетСписанияРБП_RecordType,Обнаружено сканером,InformationRegister_РасчетСписанияРБП_RecordType,документ,{},https://1cfresh.com/a/ea/2244652,false,false,false
InformationRegister_РасчетСтоимостиНалоговыхАктивовИОбязательств,РасчетСтоимостиНалоговыхАктивовИОбязательств,Обнаружено сканером,InformationRegister_РасчетСтоимостиНалоговыхАктивовИОбязательств,документ,{},https://1cfresh.com/a/ea/2244652,false,false,false
InformationRegister_РасчетСтоимостиНалоговыхАктивовИОбязательств_RecordType,РасчетСтоимостиНалоговыхАктивовИОбязательств_RecordType,Обнаружено сканером,InformationRegister_РасчетСтоимостиНалоговыхАктивовИОбязательств_RecordType,документ,{},https://1cfresh.com/a/ea/2244652,false,false,false
InformationRegister_РасчетСтоимостиНалоговыхАктивовИОбязательствПослеИзмененияСтавкиНалогаНаПрибыль,РасчетСтоимостиНалоговыхАктивовИОбязательствПослеИзмененияСтавкиНалогаНаПрибыль,Обнаружено сканером,InformationRegister_РасчетСтоимостиНалоговыхАктивовИОбязательствПослеИзмененияСтавкиНалогаНаПрибыль,документ,{},https://1cfresh.com/a/ea/2244652,false,false,false
InformationRegister_РасчетСтоимостиНалоговыхАктивовИОбязательствПослеИзмененияСтавкиНалогаНаПрибыль_RecordType,РасчетСтоимостиНалоговыхАктивовИОбязательствПослеИзмененияСтавкиНалогаНаПрибыль_RecordType,Обнаружено сканером,InformationRegister_РасчетСтоимостиНалоговыхАктивовИОбязательствПослеИзмененияСтавкиНалогаНаПрибыль_RecordType,документ,{},https://1cfresh.com/a/ea/2244652,false,false,false
InformationRegister_РасчетСтоимостиОставшихсяМатериаловПриСписанииОС,РасчетСтоимостиОставшихсяМатериаловПриСписанииОС,Обнаружено сканером,InformationRegister_РасчетСтоимостиОставшихсяМатериаловПриСписанииОС,документ,{},https://1cfresh.com/a/ea/2244652,false,false,false
InformationRegister_РасчетСтоимостиОставшихсяМатериаловПриСписанииОС_RecordType,РасчетСтоимостиОставшихсяМатериаловПриСписанииОС_RecordType,Обнаружено сканером,InformationRegister_РасчетСтоимостиОставшихсяМатериаловПриСписанииОС_RecordType,документ,{},https://1cfresh.com/a/ea/2244652,false,false,false
InformationRegister_РасчетТорговогоСбора,РасчетТорговогоСбора,Обнаружено сканером,InformationRegister_РасчетТорговогоСбора,документ,{},https://1cfresh.com/a/ea/2244652,false,false,false
InformationRegister_РасчетТорговогоСбора_RecordType,РасчетТорговогоСбора_RecordType,Обнаружено сканером,InformationRegister_РасчетТорговогоСбора_RecordType,документ,{},https://1cfresh.com/a/ea/2244652,false,false,false
InformationRegister_РасчетТорговойНаценкиАТТ,РасчетТорговойНаценкиАТТ,Обнаружено сканером,InformationRegister_РасчетТорговойНаценкиАТТ,документ,{},https://1cfresh.com/a/ea/2244652,false,false,false
InformationRegister_РасчетТорговойНаценкиАТТ_RecordType,РасчетТорговойНаценкиАТТ_RecordType,Обнаружено сканером,InformationRegister_РасчетТорговойНаценкиАТТ_RecordType,документ,{},https://1cfresh.com/a/ea/2244652,false,false,false
InformationRegister_РасчетТорговойНаценкиНТТ,РасчетТорговойНаценкиНТТ,Обнаружено сканером,InformationRegister_РасчетТорговойНаценкиНТТ,документ,{},https://1cfresh.com/a/ea/2244652,false,false,false
InformationRegister_РасчетТорговойНаценкиНТТ_RecordType,РасчетТорговойНаценкиНТТ_RecordType,Обнаружено сканером,InformationRegister_РасчетТорговойНаценкиНТТ_RecordType,документ,{},https://1cfresh.com/a/ea/2244652,false,false,false
InformationRegister_РасчетТранспортногоНалога,РасчетТранспортногоНалога,Обнаружено сканером,InformationRegister_РасчетТранспортногоНалога,документ,{},https://1cfresh.com/a/ea/2244652,false,false,false
InformationRegister_РасчетТранспортногоНалога_RecordType,РасчетТранспортногоНалога_RecordType,Обнаружено сканером,InformationRegister_РасчетТранспортногоНалога_RecordType,документ,{},https://1cfresh.com/a/ea/2244652,false,false,false
InformationRegister_РасчетТранспортногоНалогаДо2020,РасчетТранспортногоНалогаДо2020,Обнаружено сканером,InformationRegister_РасчетТранспортногоНалогаДо2020,документ,{},https://1cfresh.com/a/ea/2244652,false,false,false
InformationRegister_РасчетТранспортногоНалогаДо2020_RecordType,РасчетТранспортногоНалогаДо2020_RecordType,Обнаружено сканером,InformationRegister_РасчетТранспортногоНалогаДо2020_RecordType,документ,{},https://1cfresh.com/a/ea/2244652,false,false,false
InformationRegister_РасчетЭффектаИзмененияСтавокНалогаНаПрибыль,РасчетЭффектаИзмененияСтавокНалогаНаПрибыль,Обнаружено сканером,InformationRegister_РасчетЭффектаИзмененияСтавокНалогаНаПрибыль,документ,{},https://1cfresh.com/a/ea/2244652,false,false,false
InformationRegister_РасчетЭффектаИзмененияСтавокНалогаНаПрибыль_RecordType,РасчетЭффектаИзмененияСтавокНалогаНаПрибыль_RecordType,Обнаружено сканером,InformationRegister_РасчетЭффектаИзмененияСтавокНалогаНаПрибыль_RecordType,документ,{},https://1cfresh.com/a/ea/2244652,false,false,false
InformationRegister_РезультатыИнтеллектуальнойДеятельности,РезультатыИнтеллектуальнойДеятельности,Обнаружено сканером,InformationRegister_РезультатыИнтеллектуальнойДеятельности,документ,{},https://1cfresh.com/a/ea/2244652,false,false,false
InformationRegister_РезультатыИнтеллектуальнойДеятельности_RecordType,РезультатыИнтеллектуальнойДеятельности_RecordType,Обнаружено сканером,InformationRegister_РезультатыИнтеллектуальнойДеятельности_RecordType,документ,{},https://1cfresh.com/a/ea/2244652,false,false,false
InformationRegister_РублевыеСуммыДокументовВВалюте,РублевыеСуммыДокументовВВалюте,Обнаружено сканером,InformationRegister_РублевыеСуммыДокументовВВалюте,документ,{},https://1cfresh.com/a/ea/2244652,false,false,false
InformationRegister_РублевыеСуммыДокументовВВалюте_RecordType,РублевыеСуммыДокументовВВалюте_RecordType,Обнаружено сканером,InformationRegister_РублевыеСуммыДокументовВВалюте_RecordType,документ,{},https://1cfresh.com/a/ea/2244652,false,false,false
InformationRegister_СобытияОСОрганизаций,СобытияОСОрганизаций,Обнаружено сканером,InformationRegister_СобытияОСОрганизаций,документ,{},https://1cfresh.com/a/ea/2244652,false,false,false
InformationRegister_СобытияОСОрганизаций_RecordType,СобытияОСОрганизаций_RecordType,Обнаружено сканером,InformationRegister_СобытияОСОрганизаций_RecordType,документ,{},https://1cfresh.com/a/ea/2244652,false,false,false
InformationRegister_СостоянияНМАОрганизаций,СостоянияНМАОрганизаций,Обнаружено сканером,InformationRegister_СостоянияНМАОрганизаций,документ,{},https://1cfresh.com/a/ea/2244652,false,false,false
InformationRegister_СостоянияНМАОрганизаций_RecordType,СостоянияНМАОрганизаций_RecordType,Обнаружено сканером,InformationRegister_СостоянияНМАОрганизаций_RecordType,документ,{},https://1cfresh.com/a/ea/2244652,false,false,false
InformationRegister_СостоянияОСОрганизаций,СостоянияОСОрганизаций,Обнаружено сканером,InformationRegister_СостоянияОСОрганизаций,документ,{},https://1cfresh.com/a/ea/2244652,false,false,false
InformationRegister_СостоянияОСОрганизаций_RecordType,СостоянияОСОрганизаций_RecordType,Обнаружено сканером,InformationRegister_СостоянияОСОрганизаций_RecordType,документ,{},https://1cfresh.com/a/ea/2244652,false,false,false
InformationRegister_СпособыАмортизацииГрупповыхОбъектовОС,СпособыАмортизацииГрупповыхОбъектовОС,Обнаружено сканером,InformationRegister_СпособыАмортизацииГрупповыхОбъектовОС,документ,{},https://1cfresh.com/a/ea/2244652,false,false,false
InformationRegister_СпособыАмортизацииГрупповыхОбъектовОС_RecordType,СпособыАмортизацииГрупповыхОбъектовОС_RecordType,Обнаружено сканером,InformationRegister_СпособыАмортизацииГрупповыхОбъектовОС_RecordType,документ,{},https://1cfresh.com/a/ea/2244652,false,false,false
InformationRegister_СпособыОтраженияРасходовПоАмортизацииНМАБухгалтерскийУчет,СпособыОтраженияРасходовПоАмортизацииНМАБухгалтерскийУчет,Обнаружено сканером,InformationRegister_СпособыОтраженияРасходовПоАмортизацииНМАБухгалтерскийУчет,документ,{},https://1cfresh.com/a/ea/2244652,false,false,false
InformationRegister_СпособыОтраженияРасходовПоАмортизацииНМАБухгалтерскийУчет_RecordType,СпособыОтраженияРасходовПоАмортизацииНМАБухгалтерскийУчет_RecordType,Обнаружено сканером,InformationRegister_СпособыОтраженияРасходовПоАмортизацииНМАБухгалтерскийУчет_RecordType,документ,{},https://1cfresh.com/a/ea/2244652,false,false,false
InformationRegister_СпособыОтраженияРасходовПоАмортизацииОСБухгалтерскийУчет,СпособыОтраженияРасходовПоАмортизацииОСБухгалтерскийУчет,Обнаружено сканером,InformationRegister_СпособыОтраженияРасходовПоАмортизацииОСБухгалтерскийУчет,документ,{},https://1cfresh.com/a/ea/2244652,false,false,false
InformationRegister_СпособыОтраженияРасходовПоАмортизацииОСБухгалтерскийУчет_RecordType,СпособыОтраженияРасходовПоАмортизацииОСБухгалтерскийУчет_RecordType,Обнаружено сканером,InformationRegister_СпособыОтраженияРасходовПоАмортизацииОСБухгалтерскийУчет_RecordType,документ,{},https://1cfresh.com/a/ea/2244652,false,false,false
InformationRegister_СпособыОтраженияРасходовПоАренднымПлатежамОСНалоговыйУчет,СпособыОтраженияРасходовПоАренднымПлатежамОСНалоговыйУчет,Обнаружено сканером,InformationRegister_СпособыОтраженияРасходовПоАренднымПлатежамОСНалоговыйУчет,документ,{},https://1cfresh.com/a/ea/2244652,false,false,false
InformationRegister_СпособыОтраженияРасходовПоАренднымПлатежамОСНалоговыйУчет_RecordType,СпособыОтраженияРасходовПоАренднымПлатежамОСНалоговыйУчет_RecordType,Обнаружено сканером,InformationRegister_СпособыОтраженияРасходовПоАренднымПлатежамОСНалоговыйУчет_RecordType,документ,{},https://1cfresh.com/a/ea/2244652,false,false,false
InformationRegister_СтоимостьОбязательстваПоАренде,СтоимостьОбязательстваПоАренде,Обнаружено сканером,InformationRegister_СтоимостьОбязательстваПоАренде,документ,{},https://1cfresh.com/a/ea/2244652,false,false,false
InformationRegister_СтоимостьОбязательстваПоАренде_RecordType,СтоимостьОбязательстваПоАренде_RecordType,Обнаружено сканером,InformationRegister_СтоимостьОбязательстваПоАренде_RecordType,документ,{},https://1cfresh.com/a/ea/2244652,false,false,false
InformationRegister_СчетаБухгалтерскогоУчетаНМА,СчетаБухгалтерскогоУчетаНМА,Обнаружено сканером,InformationRegister_СчетаБухгалтерскогоУчетаНМА,документ,{},https://1cfresh.com/a/ea/2244652,false,false,false
InformationRegister_СчетаБухгалтерскогоУчетаНМА_RecordType,СчетаБухгалтерскогоУчетаНМА_RecordType,Обнаружено сканером,InformationRegister_СчетаБухгалтерскогоУчетаНМА_RecordType,документ,{},https://1cfresh.com/a/ea/2244652,false,false,false
InformationRegister_СчетаБухгалтерскогоУчетаОС,СчетаБухгалтерскогоУчетаОС,Обнаружено сканером,InformationRegister_СчетаБухгалтерскогоУчетаОС,документ,{},https://1cfresh.com/a/ea/2244652,false,false,false
InformationRegister_СчетаБухгалтерскогоУчетаОС_RecordType,СчетаБухгалтерскогоУчетаОС_RecordType,Обнаружено сканером,InformationRegister_СчетаБухгалтерскогоУчетаОС_RecordType,документ,{},https://1cfresh.com/a/ea/2244652,false,false,false
InformationRegister_УдалитьЗаработкиПолучателейПособияПоУходуЗаРебенкомДоПолутораЛет,УдалитьЗаработкиПолучателейПособияПоУходуЗаРебенкомДоПолутораЛет,Обнаружено сканером,InformationRegister_УдалитьЗаработкиПолучателейПособияПоУходуЗаРебенкомДоПолутораЛет,документ,{},https://1cfresh.com/a/ea/2244652,false,false,false
InformationRegister_УдалитьЗаработкиПолучателейПособияПоУходуЗаРебенкомДоПолутораЛет_RecordType,УдалитьЗаработкиПолучателейПособияПоУходуЗаРебенкомДоПолутораЛет_RecordType,Обнаружено сканером,InformationRegister_УдалитьЗаработкиПолучателейПособияПоУходуЗаРебенкомДоПолутораЛет_RecordType,документ,{},https://1cfresh.com/a/ea/2244652,false,false,false
InformationRegister_УдалитьЛицевыеСчетаРаботниковОрганизации,УдалитьЛицевыеСчетаРаботниковОрганизации,Обнаружено сканером,InformationRegister_УдалитьЛицевыеСчетаРаботниковОрганизации,документ,{},https://1cfresh.com/a/ea/2244652,false,false,false
InformationRegister_УдалитьЛицевыеСчетаРаботниковОрганизации_RecordType,УдалитьЛицевыеСчетаРаботниковОрганизации_RecordType,Обнаружено сканером,InformationRegister_УдалитьЛицевыеСчетаРаботниковОрганизации_RecordType,документ,{},https://1cfresh.com/a/ea/2244652,false,false,false
InformationRegister_УдалитьОплатаРеестраВыплатСамозанятым,УдалитьОплатаРеестраВыплатСамозанятым,Обнаружено сканером,InformationRegister_УдалитьОплатаРеестраВыплатСамозанятым,документ,{},https://1cfresh.com/a/ea/2244652,false,false,false
InformationRegister_УдалитьОплатаРеестраВыплатСамозанятым_RecordType,УдалитьОплатаРеестраВыплатСамозанятым_RecordType,Обнаружено сканером,InformationRegister_УдалитьОплатаРеестраВыплатСамозанятым_RecordType,документ,{},https://1cfresh.com/a/ea/2244652,false,false,false
InformationRegister_УдалитьПлановыеНачисленияРаботниковОрганизаций,УдалитьПлановыеНачисленияРаботниковОрганизаций,Обнаружено сканером,InformationRegister_УдалитьПлановыеНачисленияРаботниковОрганизаций,документ,{},https://1cfresh.com/a/ea/2244652,false,false,false
InformationRegister_УдалитьПлановыеНачисленияРаботниковОрганизаций_RecordType,УдалитьПлановыеНачисленияРаботниковОрганизаций_RecordType,Обнаружено сканером,InformationRegister_УдалитьПлановыеНачисленияРаботниковОрганизаций_RecordType,документ,{},https://1cfresh.com/a/ea/2244652,false,false,false
InformationRegister_УдалитьРаботникиОрганизаций,УдалитьРаботникиОрганизаций,Обнаружено сканером,InformationRegister_УдалитьРаботникиОрганизаций,документ,{},https://1cfresh.com/a/ea/2244652,false,false,false
InformationRegister_УдалитьРаботникиОрганизаций_RecordType,УдалитьРаботникиОрганизаций_RecordType,Обнаружено сканером,InformationRegister_УдалитьРаботникиОрганизаций_RecordType,документ,{},https://1cfresh.com/a/ea/2244652,false,false,false
InformationRegister_УдалитьРасчетСебестоимостиПродукции,УдалитьРасчетСебестоимостиПродукции,Обнаружено сканером,InformationRegister_УдалитьРасчетСебестоимостиПродукции,документ,{},https://1cfresh.com/a/ea/2244652,false,false,false
InformationRegister_УдалитьРасчетСебестоимостиПродукции_RecordType,УдалитьРасчетСебестоимостиПродукции_RecordType,Обнаружено сканером,InformationRegister_УдалитьРасчетСебестоимостиПродукции_RecordType,документ,{},https://1cfresh.com/a/ea/2244652,false,false,false
InformationRegister_УдалитьСведенияОВыплатахРаботникамОрганизацийПоПлатежнымВедомостям,УдалитьСведенияОВыплатахРаботникамОрганизацийПоПлатежнымВедомостям,Обнаружено сканером,InformationRegister_УдалитьСведенияОВыплатахРаботникамОрганизацийПоПлатежнымВедомостям,документ,{},https://1cfresh.com/a/ea/2244652,false,false,false
InformationRegister_УдалитьСведенияОВыплатахРаботникамОрганизацийПоПлатежнымВедомостям_RecordType,УдалитьСведенияОВыплатахРаботникамОрганизацийПоПлатежнымВедомостям_RecordType,Обнаружено сканером,InformationRegister_УдалитьСведенияОВыплатахРаботникамОрганизацийПоПлатежнымВедомостям_RecordType,документ,{},https://1cfresh.com/a/ea/2244652,false,false,false
InformationRegister_УдалитьСтандартныеВычетыНаДетейНДФЛ,УдалитьСтандартныеВычетыНаДетейНДФЛ,Обнаружено сканером,InformationRegister_УдалитьСтандартныеВычетыНаДетейНДФЛ,документ,{},https://1cfresh.com/a/ea/2244652,false,false,false
InformationRegister_УдалитьСтандартныеВычетыНаДетейНДФЛ_RecordType,УдалитьСтандартныеВычетыНаДетейНДФЛ_RecordType,Обнаружено сканером,InformationRegister_УдалитьСтандартныеВычетыНаДетейНДФЛ_RecordType,документ,{},https://1cfresh.com/a/ea/2244652,false,false,false
InformationRegister_УсловияУдержанияПоИсполнительномуДокументу,УсловияУдержанияПоИсполнительномуДокументу,Обнаружено сканером,InformationRegister_УсловияУдержанияПоИсполнительномуДокументу,документ,{},https://1cfresh.com/a/ea/2244652,false,false,false
InformationRegister_УсловияУдержанияПоИсполнительномуДокументу_RecordType,УсловияУдержанияПоИсполнительномуДокументу_RecordType,Обнаружено сканером,InformationRegister_УсловияУдержанияПоИсполнительномуДокументу_RecordType,документ,{},https://1cfresh.com/a/ea/2244652,false,false,false
InformationRegister_ЦеныНоменклатуры,ЦеныНоменклатуры,Обнаружено сканером,InformationRegister_ЦеныНоменклатуры,документ,{},https://1cfresh.com/a/ea/2244652,false,false,false
InformationRegister_ЦеныНоменклатуры_RecordType,ЦеныНоменклатуры_RecordType,Обнаружено сканером,InformationRegister_ЦеныНоменклатуры_RecordType,документ,{},https://1cfresh.com/a/ea/2244652,false,false,false
InformationRegister_ЭлементыАмортизацииГрупповыхОСБухгалтерскийУчет,ЭлементыАмортизацииГрупповыхОСБухгалтерскийУчет,Обнаружено сканером,InformationRegister_ЭлементыАмортизацииГрупповыхОСБухгалтерскийУчет,документ,{},https://1cfresh.com/a/ea/2244652,false,false,false
InformationRegister_ЭлементыАмортизацииГрупповыхОСБухгалтерскийУчет_RecordType,ЭлементыАмортизацииГрупповыхОСБухгалтерскийУчет_RecordType,Обнаружено сканером,InformationRegister_ЭлементыАмортизацииГрупповыхОСБухгалтерскийУчет_RecordType,документ,{},https://1cfresh.com/a/ea/2244652,false,false,false
InformationRegister_ЭлементыАмортизацииНМАБухгалтерскийУчет,ЭлементыАмортизацииНМАБухгалтерскийУчет,Обнаружено сканером,InformationRegister_ЭлементыАмортизацииНМАБухгалтерскийУчет,документ,{},https://1cfresh.com/a/ea/2244652,false,false,false
InformationRegister_ЭлементыАмортизацииНМАБухгалтерскийУчет_RecordType,ЭлементыАмортизацииНМАБухгалтерскийУчет_RecordType,Обнаружено сканером,InformationRegister_ЭлементыАмортизацииНМАБухгалтерскийУчет_RecordType,документ,{},https://1cfresh.com/a/ea/2244652,false,false,false
